Filename:  C:\Users\bier\Desktop\spectra_few_channel\visimapzentral120kv10w30s512chan\step_2_120kv10w30s.mca;;;;;;;;;;Filename:  C:\Users\bier\Desktop\spectra_few_channel\visimapzentral120kv10w30s512chan\step_2.1428_120kv10w30s.mca;;;;;;;;;;Filename:  C:\Users\bier\Desktop\spectra_few_channel\visimapzentral120kv10w30s512chan\step_2.2856_120kv10w30s.mca;;;;;;;;;;Filename:  C:\Users\bier\Desktop\spectra_few_channel\visimapzentral120kv10w30s512chan\step_2.4283_120kv10w30s.mca;;;;;;;;;;Filename:  C:\Users\bier\Desktop\spectra_few_channel\visimapzentral120kv10w30s512chan\step_2.5711_120kv10w30s.mca;;;;;;;;;;Filename:  C:\Users\bier\Desktop\spectra_few_channel\visimapzentral120kv10w30s512chan\step_2.7138_120kv10w30s.mca;;;;;;;;;;Filename:  C:\Users\bier\Desktop\spectra_few_channel\visimapzentral120kv10w30s512chan\step_2.8567_120kv10w30s.mca;;;;;;;;;;Filename:  C:\Users\bier\Desktop\spectra_few_channel\visimapzentral120kv10w30s512chan\step_2.9994_120kv10w30s.mca;;
Description:  ;;;;;;;;;;Description:  ;;;;;;;;;;Description:  ;;;;;;;;;;Description:  ;;;;;;;;;;Description:  ;;;;;;;;;;Description:  ;;;;;;;;;;Description:  ;;;;;;;;;;Description:  ;;
TimeStamp:  06/08/2015 16:03:58;;;;;;;;;;TimeStamp:  06/08/2015 16:06:10;;;;;;;;;;TimeStamp:  06/08/2015 16:07:40;;;;;;;;;;TimeStamp:  06/08/2015 16:08:49;;;;;;;;;;TimeStamp:  06/08/2015 16:09:47;;;;;;;;;;TimeStamp:  06/08/2015 16:10:43;;;;;;;;;;TimeStamp:  06/08/2015 16:11:42;;;;;;;;;;TimeStamp:  06/08/2015 16:12:37;;
;;;;;;;;;;;;;;;;;;;;;;;;;;;;;;;;;;;;;;;;;;;;;;;;;;;;;;;;;;;;;;;;;;;;;;;;
Calibration Information;;;;;;;;;;Calibration Information;;;;;;;;;;Calibration Information;;;;;;;;;;Calibration Information;;;;;;;;;;Calibration Information;;;;;;;;;;Calibration Information;;;;;;;;;;Calibration Information;;;;;;;;;;Calibration Information;;
Label:  Channel;;;;;;;;;;Label:  Channel;;;;;;;;;;Label:  Channel;;;;;;;;;;Label:  Channel;;;;;;;;;;Label:  Channel;;;;;;;;;;Label:  Channel;;;;;;;;;;Label:  Channel;;;;;;;;;;Label:  Channel;;
Channel;Value;;;;;;;;;Channel;Value;;;;;;;;;Channel;Value;;;;;;;;;Channel;Value;;;;;;;;;Channel;Value;;;;;;;;;Channel;Value;;;;;;;;;Channel;Value;;;;;;;;;Channel;Value;
236;58.5;;;;;;;;;236;58.5;;;;;;;;;236;58.5;;;;;;;;;236;58.5;;;;;;;;;236;58.5;;;;;;;;;236;58.5;;;;;;;;;236;58.5;;;;;;;;;236;58.5;
269;67.24;;;;;;;;;269;67.24;;;;;;;;;269;67.24;;;;;;;;;269;67.24;;;;;;;;;269;67.24;;;;;;;;;269;67.24;;;;;;;;;269;67.24;;;;;;;;;269;67.24;
A;B;C;;;;;;;;A;B;C;;;;;;;;A;B;C;;;;;;;;A;B;C;;;;;;;;A;B;C;;;;;;;;A;B;C;;;;;;;;A;B;C;;;;;;;;A;B;C
-400.424;0.264848;0;;;;;;;;-400.424;0.264848;0;;;;;;;;-400.424;0.264848;0;;;;;;;;-400.424;0.264848;0;;;;;;;;-400.424;0.264848;0;;;;;;;;-400.424;0.264848;0;;;;;;;;-400.424;0.264848;0;;;;;;;;-400.424;0.264848;0
;;;;;;;;;;;;;;;;;;;;;;;;;;;;;;;;;;;;;;;;;;;;;;;;;;;;;;;;;;;;;;;;;;;;;;;;
Spectral Data Information;;;;;;;;;;Spectral Data Information;;;;;;;;;;Spectral Data Information;;;;;;;;;;Spectral Data Information;;;;;;;;;;Spectral Data Information;;;;;;;;;;Spectral Data Information;;;;;;;;;;Spectral Data Information;;;;;;;;;;Spectral Data Information;;
Channel;Data;;;;;;;;;Channel;Data;;;;;;;;;Channel;Data;;;;;;;;;Channel;Data;;;;;;;;;Channel;Data;;;;;;;;;Channel;Data;;;;;;;;;Channel;Data;;;;;;;;;Channel;Data;
0;0;;;;;;;;;0;0;;;;;;;;;0;0;;;;;;;;;0;0;;;;;;;;;0;0;;;;;;;;;0;0;;;;;;;;;0;0;;;;;;;;;0;0;
1;0;;;;;;;;;1;0;;;;;;;;;1;0;;;;;;;;;1;0;;;;;;;;;1;0;;;;;;;;;1;0;;;;;;;;;1;0;;;;;;;;;1;0;
2;0;;;;;;;;;2;0;;;;;;;;;2;0;;;;;;;;;2;0;;;;;;;;;2;0;;;;;;;;;2;0;;;;;;;;;2;0;;;;;;;;;2;0;
3;0;;;;;;;;;3;0;;;;;;;;;3;0;;;;;;;;;3;0;;;;;;;;;3;0;;;;;;;;;3;0;;;;;;;;;3;0;;;;;;;;;3;0;
4;0;;;;;;;;;4;0;;;;;;;;;4;0;;;;;;;;;4;0;;;;;;;;;4;0;;;;;;;;;4;0;;;;;;;;;4;0;;;;;;;;;4;0;
5;0;;;;;;;;;5;0;;;;;;;;;5;0;;;;;;;;;5;0;;;;;;;;;5;0;;;;;;;;;5;0;;;;;;;;;5;0;;;;;;;;;5;0;
6;0;;;;;;;;;6;0;;;;;;;;;6;0;;;;;;;;;6;0;;;;;;;;;6;0;;;;;;;;;6;0;;;;;;;;;6;0;;;;;;;;;6;0;
7;0;;;;;;;;;7;0;;;;;;;;;7;0;;;;;;;;;7;0;;;;;;;;;7;0;;;;;;;;;7;0;;;;;;;;;7;0;;;;;;;;;7;0;
8;0;;;;;;;;;8;0;;;;;;;;;8;0;;;;;;;;;8;0;;;;;;;;;8;0;;;;;;;;;8;0;;;;;;;;;8;0;;;;;;;;;8;0;
9;0;;;;;;;;;9;0;;;;;;;;;9;0;;;;;;;;;9;0;;;;;;;;;9;0;;;;;;;;;9;0;;;;;;;;;9;0;;;;;;;;;9;0;
10;0;;;;;;;;;10;0;;;;;;;;;10;0;;;;;;;;;10;0;;;;;;;;;10;0;;;;;;;;;10;0;;;;;;;;;10;0;;;;;;;;;10;0;
11;0;;;;;;;;;11;0;;;;;;;;;11;0;;;;;;;;;11;0;;;;;;;;;11;0;;;;;;;;;11;0;;;;;;;;;11;0;;;;;;;;;11;0;
12;0;;;;;;;;;12;0;;;;;;;;;12;0;;;;;;;;;12;0;;;;;;;;;12;0;;;;;;;;;12;0;;;;;;;;;12;0;;;;;;;;;12;0;
13;0;;;;;;;;;13;0;;;;;;;;;13;0;;;;;;;;;13;0;;;;;;;;;13;0;;;;;;;;;13;0;;;;;;;;;13;0;;;;;;;;;13;0;
14;0;;;;;;;;;14;0;;;;;;;;;14;0;;;;;;;;;14;0;;;;;;;;;14;0;;;;;;;;;14;0;;;;;;;;;14;0;;;;;;;;;14;0;
15;0;;;;;;;;;15;0;;;;;;;;;15;0;;;;;;;;;15;0;;;;;;;;;15;0;;;;;;;;;15;0;;;;;;;;;15;0;;;;;;;;;15;0;
16;0;;;;;;;;;16;0;;;;;;;;;16;0;;;;;;;;;16;0;;;;;;;;;16;0;;;;;;;;;16;0;;;;;;;;;16;0;;;;;;;;;16;0;
17;0;;;;;;;;;17;0;;;;;;;;;17;0;;;;;;;;;17;0;;;;;;;;;17;0;;;;;;;;;17;0;;;;;;;;;17;0;;;;;;;;;17;0;
18;0;;;;;;;;;18;0;;;;;;;;;18;0;;;;;;;;;18;0;;;;;;;;;18;0;;;;;;;;;18;0;;;;;;;;;18;0;;;;;;;;;18;0;
19;0;;;;;;;;;19;0;;;;;;;;;19;0;;;;;;;;;19;0;;;;;;;;;19;0;;;;;;;;;19;0;;;;;;;;;19;0;;;;;;;;;19;0;
20;0;;;;;;;;;20;0;;;;;;;;;20;0;;;;;;;;;20;0;;;;;;;;;20;0;;;;;;;;;20;0;;;;;;;;;20;0;;;;;;;;;20;0;
21;0;;;;;;;;;21;0;;;;;;;;;21;0;;;;;;;;;21;0;;;;;;;;;21;0;;;;;;;;;21;0;;;;;;;;;21;0;;;;;;;;;21;0;
22;0;;;;;;;;;22;0;;;;;;;;;22;0;;;;;;;;;22;0;;;;;;;;;22;0;;;;;;;;;22;0;;;;;;;;;22;0;;;;;;;;;22;0;
23;424;;;;;;;;;23;464;;;;;;;;;23;530;;;;;;;;;23;596;;;;;;;;;23;518;;;;;;;;;23;446;;;;;;;;;23;377;;;;;;;;;23;379;
24;527;;;;;;;;;24;601;;;;;;;;;24;648;;;;;;;;;24;702;;;;;;;;;24;708;;;;;;;;;24;527;;;;;;;;;24;477;;;;;;;;;24;478;
25;489;;;;;;;;;25;563;;;;;;;;;25;682;;;;;;;;;25;726;;;;;;;;;25;650;;;;;;;;;25;521;;;;;;;;;25;491;;;;;;;;;25;477;
26;543;;;;;;;;;26;646;;;;;;;;;26;707;;;;;;;;;26;686;;;;;;;;;26;674;;;;;;;;;26;556;;;;;;;;;26;443;;;;;;;;;26;421;
27;505;;;;;;;;;27;602;;;;;;;;;27;698;;;;;;;;;27;789;;;;;;;;;27;690;;;;;;;;;27;615;;;;;;;;;27;457;;;;;;;;;27;432;
28;539;;;;;;;;;28;604;;;;;;;;;28;695;;;;;;;;;28;708;;;;;;;;;28;702;;;;;;;;;28;575;;;;;;;;;28;470;;;;;;;;;28;443;
29;527;;;;;;;;;29;638;;;;;;;;;29;667;;;;;;;;;29;718;;;;;;;;;29;662;;;;;;;;;29;595;;;;;;;;;29;521;;;;;;;;;29;409;
30;509;;;;;;;;;30;656;;;;;;;;;30;723;;;;;;;;;30;712;;;;;;;;;30;699;;;;;;;;;30;574;;;;;;;;;30;471;;;;;;;;;30;447;
31;527;;;;;;;;;31;638;;;;;;;;;31;700;;;;;;;;;31;727;;;;;;;;;31;707;;;;;;;;;31;623;;;;;;;;;31;463;;;;;;;;;31;452;
32;495;;;;;;;;;32;650;;;;;;;;;32;650;;;;;;;;;32;693;;;;;;;;;32;600;;;;;;;;;32;556;;;;;;;;;32;465;;;;;;;;;32;452;
33;509;;;;;;;;;33;614;;;;;;;;;33;674;;;;;;;;;33;734;;;;;;;;;33;693;;;;;;;;;33;568;;;;;;;;;33;481;;;;;;;;;33;439;
34;521;;;;;;;;;34;650;;;;;;;;;34;694;;;;;;;;;34;712;;;;;;;;;34;706;;;;;;;;;34;556;;;;;;;;;34;479;;;;;;;;;34;461;
35;535;;;;;;;;;35;629;;;;;;;;;35;651;;;;;;;;;35;720;;;;;;;;;35;678;;;;;;;;;35;584;;;;;;;;;35;467;;;;;;;;;35;455;
36;462;;;;;;;;;36;656;;;;;;;;;36;746;;;;;;;;;36;668;;;;;;;;;36;657;;;;;;;;;36;559;;;;;;;;;36;504;;;;;;;;;36;459;
37;603;;;;;;;;;37;604;;;;;;;;;37;663;;;;;;;;;37;736;;;;;;;;;37;688;;;;;;;;;37;547;;;;;;;;;37;455;;;;;;;;;37;464;
38;546;;;;;;;;;38;628;;;;;;;;;38;669;;;;;;;;;38;727;;;;;;;;;38;696;;;;;;;;;38;548;;;;;;;;;38;481;;;;;;;;;38;478;
39;551;;;;;;;;;39;605;;;;;;;;;39;698;;;;;;;;;39;710;;;;;;;;;39;703;;;;;;;;;39;583;;;;;;;;;39;462;;;;;;;;;39;458;
40;506;;;;;;;;;40;636;;;;;;;;;40;738;;;;;;;;;40;723;;;;;;;;;40;646;;;;;;;;;40;605;;;;;;;;;40;488;;;;;;;;;40;486;
41;567;;;;;;;;;41;665;;;;;;;;;41;655;;;;;;;;;41;719;;;;;;;;;41;681;;;;;;;;;41;583;;;;;;;;;41;474;;;;;;;;;41;436;
42;540;;;;;;;;;42;641;;;;;;;;;42;729;;;;;;;;;42;711;;;;;;;;;42;680;;;;;;;;;42;623;;;;;;;;;42;484;;;;;;;;;42;452;
43;538;;;;;;;;;43;670;;;;;;;;;43;713;;;;;;;;;43;768;;;;;;;;;43;731;;;;;;;;;43;645;;;;;;;;;43;442;;;;;;;;;43;458;
44;532;;;;;;;;;44;648;;;;;;;;;44;711;;;;;;;;;44;673;;;;;;;;;44;671;;;;;;;;;44;585;;;;;;;;;44;469;;;;;;;;;44;501;
45;505;;;;;;;;;45;666;;;;;;;;;45;729;;;;;;;;;45;754;;;;;;;;;45;718;;;;;;;;;45;550;;;;;;;;;45;524;;;;;;;;;45;499;
46;527;;;;;;;;;46;624;;;;;;;;;46;720;;;;;;;;;46;766;;;;;;;;;46;686;;;;;;;;;46;614;;;;;;;;;46;464;;;;;;;;;46;500;
47;541;;;;;;;;;47;629;;;;;;;;;47;713;;;;;;;;;47;728;;;;;;;;;47;711;;;;;;;;;47;603;;;;;;;;;47;514;;;;;;;;;47;458;
48;514;;;;;;;;;48;671;;;;;;;;;48;708;;;;;;;;;48;715;;;;;;;;;48;691;;;;;;;;;48;596;;;;;;;;;48;472;;;;;;;;;48;444;
49;519;;;;;;;;;49;647;;;;;;;;;49;668;;;;;;;;;49;749;;;;;;;;;49;683;;;;;;;;;49;564;;;;;;;;;49;449;;;;;;;;;49;465;
50;514;;;;;;;;;50;660;;;;;;;;;50;705;;;;;;;;;50;808;;;;;;;;;50;659;;;;;;;;;50;577;;;;;;;;;50;483;;;;;;;;;50;425;
51;525;;;;;;;;;51;586;;;;;;;;;51;680;;;;;;;;;51;780;;;;;;;;;51;703;;;;;;;;;51;585;;;;;;;;;51;500;;;;;;;;;51;457;
52;544;;;;;;;;;52;600;;;;;;;;;52;726;;;;;;;;;52;742;;;;;;;;;52;663;;;;;;;;;52;600;;;;;;;;;52;461;;;;;;;;;52;455;
53;528;;;;;;;;;53;612;;;;;;;;;53;719;;;;;;;;;53;755;;;;;;;;;53;632;;;;;;;;;53;617;;;;;;;;;53;473;;;;;;;;;53;479;
54;506;;;;;;;;;54;637;;;;;;;;;54;650;;;;;;;;;54;705;;;;;;;;;54;665;;;;;;;;;54;530;;;;;;;;;54;528;;;;;;;;;54;453;
55;478;;;;;;;;;55;631;;;;;;;;;55;691;;;;;;;;;55;709;;;;;;;;;55;683;;;;;;;;;55;559;;;;;;;;;55;471;;;;;;;;;55;442;
56;528;;;;;;;;;56;638;;;;;;;;;56;657;;;;;;;;;56;716;;;;;;;;;56;658;;;;;;;;;56;588;;;;;;;;;56;488;;;;;;;;;56;456;
57;476;;;;;;;;;57;645;;;;;;;;;57;651;;;;;;;;;57;707;;;;;;;;;57;661;;;;;;;;;57;517;;;;;;;;;57;474;;;;;;;;;57;446;
58;488;;;;;;;;;58;604;;;;;;;;;58;635;;;;;;;;;58;688;;;;;;;;;58;648;;;;;;;;;58;562;;;;;;;;;58;454;;;;;;;;;58;476;
59;526;;;;;;;;;59;605;;;;;;;;;59;621;;;;;;;;;59;661;;;;;;;;;59;664;;;;;;;;;59;605;;;;;;;;;59;464;;;;;;;;;59;474;
60;473;;;;;;;;;60;602;;;;;;;;;60;646;;;;;;;;;60;685;;;;;;;;;60;632;;;;;;;;;60;582;;;;;;;;;60;448;;;;;;;;;60;417;
61;514;;;;;;;;;61;592;;;;;;;;;61;632;;;;;;;;;61;695;;;;;;;;;61;687;;;;;;;;;61;572;;;;;;;;;61;475;;;;;;;;;61;461;
62;569;;;;;;;;;62;611;;;;;;;;;62;719;;;;;;;;;62;730;;;;;;;;;62;689;;;;;;;;;62;570;;;;;;;;;62;519;;;;;;;;;62;451;
63;535;;;;;;;;;63;650;;;;;;;;;63;664;;;;;;;;;63;710;;;;;;;;;63;653;;;;;;;;;63;563;;;;;;;;;63;503;;;;;;;;;63;466;
64;512;;;;;;;;;64;630;;;;;;;;;64;679;;;;;;;;;64;665;;;;;;;;;64;666;;;;;;;;;64;606;;;;;;;;;64;456;;;;;;;;;64;493;
65;574;;;;;;;;;65;623;;;;;;;;;65;709;;;;;;;;;65;710;;;;;;;;;65;693;;;;;;;;;65;605;;;;;;;;;65;542;;;;;;;;;65;501;
66;551;;;;;;;;;66;677;;;;;;;;;66;705;;;;;;;;;66;731;;;;;;;;;66;708;;;;;;;;;66;543;;;;;;;;;66;484;;;;;;;;;66;471;
67;541;;;;;;;;;67;621;;;;;;;;;67;676;;;;;;;;;67;699;;;;;;;;;67;733;;;;;;;;;67;624;;;;;;;;;67;537;;;;;;;;;67;531;
68;574;;;;;;;;;68;694;;;;;;;;;68;726;;;;;;;;;68;730;;;;;;;;;68;708;;;;;;;;;68;622;;;;;;;;;68;502;;;;;;;;;68;570;
69;555;;;;;;;;;69;720;;;;;;;;;69;778;;;;;;;;;69;786;;;;;;;;;69;759;;;;;;;;;69;637;;;;;;;;;69;535;;;;;;;;;69;525;
70;605;;;;;;;;;70;681;;;;;;;;;70;754;;;;;;;;;70;762;;;;;;;;;70;739;;;;;;;;;70;640;;;;;;;;;70;603;;;;;;;;;70;565;
71;559;;;;;;;;;71;751;;;;;;;;;71;826;;;;;;;;;71;813;;;;;;;;;71;773;;;;;;;;;71;655;;;;;;;;;71;590;;;;;;;;;71;591;
72;639;;;;;;;;;72;747;;;;;;;;;72;798;;;;;;;;;72;801;;;;;;;;;72;878;;;;;;;;;72;729;;;;;;;;;72;592;;;;;;;;;72;588;
73;635;;;;;;;;;73;801;;;;;;;;;73;854;;;;;;;;;73;898;;;;;;;;;73;828;;;;;;;;;73;773;;;;;;;;;73;600;;;;;;;;;73;611;
74;708;;;;;;;;;74;799;;;;;;;;;74;828;;;;;;;;;74;927;;;;;;;;;74;894;;;;;;;;;74;736;;;;;;;;;74;691;;;;;;;;;74;660;
75;738;;;;;;;;;75;847;;;;;;;;;75;946;;;;;;;;;75;949;;;;;;;;;75;883;;;;;;;;;75;758;;;;;;;;;75;672;;;;;;;;;75;664;
76;770;;;;;;;;;76;855;;;;;;;;;76;953;;;;;;;;;76;1011;;;;;;;;;76;970;;;;;;;;;76;805;;;;;;;;;76;725;;;;;;;;;76;672;
77;811;;;;;;;;;77;967;;;;;;;;;77;1000;;;;;;;;;77;1034;;;;;;;;;77;966;;;;;;;;;77;865;;;;;;;;;77;792;;;;;;;;;77;742;
78;875;;;;;;;;;78;994;;;;;;;;;78;1078;;;;;;;;;78;1068;;;;;;;;;78;1041;;;;;;;;;78;914;;;;;;;;;78;796;;;;;;;;;78;707;
79;908;;;;;;;;;79;1061;;;;;;;;;79;1088;;;;;;;;;79;1093;;;;;;;;;79;1093;;;;;;;;;79;937;;;;;;;;;79;787;;;;;;;;;79;799;
80;894;;;;;;;;;80;1065;;;;;;;;;80;1120;;;;;;;;;80;1208;;;;;;;;;80;1117;;;;;;;;;80;939;;;;;;;;;80;813;;;;;;;;;80;861;
81;982;;;;;;;;;81;1185;;;;;;;;;81;1226;;;;;;;;;81;1229;;;;;;;;;81;1183;;;;;;;;;81;1042;;;;;;;;;81;910;;;;;;;;;81;873;
82;1030;;;;;;;;;82;1159;;;;;;;;;82;1303;;;;;;;;;82;1305;;;;;;;;;82;1268;;;;;;;;;82;1099;;;;;;;;;82;943;;;;;;;;;82;918;
83;1069;;;;;;;;;83;1279;;;;;;;;;83;1425;;;;;;;;;83;1454;;;;;;;;;83;1327;;;;;;;;;83;1187;;;;;;;;;83;987;;;;;;;;;83;998;
84;1107;;;;;;;;;84;1343;;;;;;;;;84;1383;;;;;;;;;84;1419;;;;;;;;;84;1455;;;;;;;;;84;1198;;;;;;;;;84;1071;;;;;;;;;84;968;
85;1167;;;;;;;;;85;1374;;;;;;;;;85;1501;;;;;;;;;85;1552;;;;;;;;;85;1455;;;;;;;;;85;1284;;;;;;;;;85;1122;;;;;;;;;85;1128;
86;1295;;;;;;;;;86;1471;;;;;;;;;86;1636;;;;;;;;;86;1625;;;;;;;;;86;1544;;;;;;;;;86;1467;;;;;;;;;86;1152;;;;;;;;;86;1147;
87;1345;;;;;;;;;87;1474;;;;;;;;;87;1715;;;;;;;;;87;1702;;;;;;;;;87;1666;;;;;;;;;87;1498;;;;;;;;;87;1211;;;;;;;;;87;1215;
88;1433;;;;;;;;;88;1658;;;;;;;;;88;1796;;;;;;;;;88;1792;;;;;;;;;88;1686;;;;;;;;;88;1523;;;;;;;;;88;1306;;;;;;;;;88;1224;
89;1408;;;;;;;;;89;1691;;;;;;;;;89;1808;;;;;;;;;89;1865;;;;;;;;;89;1829;;;;;;;;;89;1558;;;;;;;;;89;1389;;;;;;;;;89;1256;
90;1419;;;;;;;;;90;1768;;;;;;;;;90;1862;;;;;;;;;90;1922;;;;;;;;;90;1909;;;;;;;;;90;1591;;;;;;;;;90;1353;;;;;;;;;90;1321;
91;1544;;;;;;;;;91;1755;;;;;;;;;91;1907;;;;;;;;;91;1986;;;;;;;;;91;1891;;;;;;;;;91;1649;;;;;;;;;91;1382;;;;;;;;;91;1372;
92;1492;;;;;;;;;92;1873;;;;;;;;;92;2000;;;;;;;;;92;2000;;;;;;;;;92;1890;;;;;;;;;92;1779;;;;;;;;;92;1397;;;;;;;;;92;1395;
93;1596;;;;;;;;;93;1810;;;;;;;;;93;2070;;;;;;;;;93;2017;;;;;;;;;93;1938;;;;;;;;;93;1705;;;;;;;;;93;1443;;;;;;;;;93;1368;
94;1675;;;;;;;;;94;1949;;;;;;;;;94;2128;;;;;;;;;94;2130;;;;;;;;;94;2108;;;;;;;;;94;1767;;;;;;;;;94;1490;;;;;;;;;94;1475;
95;1705;;;;;;;;;95;1967;;;;;;;;;95;2254;;;;;;;;;95;2210;;;;;;;;;95;2144;;;;;;;;;95;1863;;;;;;;;;95;1612;;;;;;;;;95;1503;
96;1679;;;;;;;;;96;2051;;;;;;;;;96;2223;;;;;;;;;96;2309;;;;;;;;;96;2190;;;;;;;;;96;1929;;;;;;;;;96;1636;;;;;;;;;96;1492;
97;1777;;;;;;;;;97;2157;;;;;;;;;97;2320;;;;;;;;;97;2316;;;;;;;;;97;2212;;;;;;;;;97;1920;;;;;;;;;97;1667;;;;;;;;;97;1582;
98;1824;;;;;;;;;98;2137;;;;;;;;;98;2398;;;;;;;;;98;2442;;;;;;;;;98;2341;;;;;;;;;98;2027;;;;;;;;;98;1734;;;;;;;;;98;1656;
99;1860;;;;;;;;;99;2303;;;;;;;;;99;2407;;;;;;;;;99;2561;;;;;;;;;99;2454;;;;;;;;;99;2022;;;;;;;;;99;1736;;;;;;;;;99;1663;
100;1869;;;;;;;;;100;2262;;;;;;;;;100;2545;;;;;;;;;100;2536;;;;;;;;;100;2525;;;;;;;;;100;2113;;;;;;;;;100;1758;;;;;;;;;100;1624;
101;1990;;;;;;;;;101;2286;;;;;;;;;101;2564;;;;;;;;;101;2642;;;;;;;;;101;2517;;;;;;;;;101;2168;;;;;;;;;101;1796;;;;;;;;;101;1720;
102;1860;;;;;;;;;102;2364;;;;;;;;;102;2652;;;;;;;;;102;2758;;;;;;;;;102;2566;;;;;;;;;102;2277;;;;;;;;;102;1864;;;;;;;;;102;1770;
103;2004;;;;;;;;;103;2319;;;;;;;;;103;2695;;;;;;;;;103;2708;;;;;;;;;103;2644;;;;;;;;;103;2279;;;;;;;;;103;1811;;;;;;;;;103;1761;
104;2061;;;;;;;;;104;2549;;;;;;;;;104;2704;;;;;;;;;104;2756;;;;;;;;;104;2598;;;;;;;;;104;2263;;;;;;;;;104;1829;;;;;;;;;104;1750;
105;2006;;;;;;;;;105;2509;;;;;;;;;105;2614;;;;;;;;;105;2782;;;;;;;;;105;2635;;;;;;;;;105;2258;;;;;;;;;105;1875;;;;;;;;;105;1811;
106;2042;;;;;;;;;106;2456;;;;;;;;;106;2684;;;;;;;;;106;2824;;;;;;;;;106;2619;;;;;;;;;106;2237;;;;;;;;;106;1947;;;;;;;;;106;1874;
107;2104;;;;;;;;;107;2588;;;;;;;;;107;2702;;;;;;;;;107;2831;;;;;;;;;107;2652;;;;;;;;;107;2351;;;;;;;;;107;1831;;;;;;;;;107;1802;
108;1962;;;;;;;;;108;2428;;;;;;;;;108;2740;;;;;;;;;108;2830;;;;;;;;;108;2669;;;;;;;;;108;2370;;;;;;;;;108;1993;;;;;;;;;108;1826;
109;2041;;;;;;;;;109;2627;;;;;;;;;109;2791;;;;;;;;;109;2847;;;;;;;;;109;2700;;;;;;;;;109;2285;;;;;;;;;109;1940;;;;;;;;;109;1903;
110;2106;;;;;;;;;110;2517;;;;;;;;;110;2759;;;;;;;;;110;2947;;;;;;;;;110;2745;;;;;;;;;110;2257;;;;;;;;;110;1914;;;;;;;;;110;1811;
111;2101;;;;;;;;;111;2599;;;;;;;;;111;2782;;;;;;;;;111;2782;;;;;;;;;111;2795;;;;;;;;;111;2366;;;;;;;;;111;1963;;;;;;;;;111;1881;
112;2042;;;;;;;;;112;2625;;;;;;;;;112;2852;;;;;;;;;112;2890;;;;;;;;;112;2837;;;;;;;;;112;2385;;;;;;;;;112;2018;;;;;;;;;112;1916;
113;2136;;;;;;;;;113;2621;;;;;;;;;113;2862;;;;;;;;;113;2996;;;;;;;;;113;2697;;;;;;;;;113;2333;;;;;;;;;113;1869;;;;;;;;;113;1871;
114;2052;;;;;;;;;114;2575;;;;;;;;;114;2921;;;;;;;;;114;3060;;;;;;;;;114;2816;;;;;;;;;114;2431;;;;;;;;;114;1984;;;;;;;;;114;1822;
115;2201;;;;;;;;;115;2705;;;;;;;;;115;2932;;;;;;;;;115;3005;;;;;;;;;115;2847;;;;;;;;;115;2434;;;;;;;;;115;1956;;;;;;;;;115;1859;
116;2198;;;;;;;;;116;2730;;;;;;;;;116;3048;;;;;;;;;116;3099;;;;;;;;;116;2992;;;;;;;;;116;2486;;;;;;;;;116;2044;;;;;;;;;116;1974;
117;2163;;;;;;;;;117;2657;;;;;;;;;117;2972;;;;;;;;;117;2980;;;;;;;;;117;2971;;;;;;;;;117;2573;;;;;;;;;117;2103;;;;;;;;;117;1964;
118;2244;;;;;;;;;118;2737;;;;;;;;;118;3052;;;;;;;;;118;3104;;;;;;;;;118;2966;;;;;;;;;118;2546;;;;;;;;;118;2105;;;;;;;;;118;2070;
119;2280;;;;;;;;;119;2811;;;;;;;;;119;3103;;;;;;;;;119;3192;;;;;;;;;119;3102;;;;;;;;;119;2572;;;;;;;;;119;2148;;;;;;;;;119;1982;
120;2263;;;;;;;;;120;2685;;;;;;;;;120;3226;;;;;;;;;120;3273;;;;;;;;;120;2999;;;;;;;;;120;2533;;;;;;;;;120;2106;;;;;;;;;120;2088;
121;2266;;;;;;;;;121;2830;;;;;;;;;121;3184;;;;;;;;;121;3319;;;;;;;;;121;3072;;;;;;;;;121;2572;;;;;;;;;121;2171;;;;;;;;;121;2047;
122;2304;;;;;;;;;122;2949;;;;;;;;;122;3192;;;;;;;;;122;3245;;;;;;;;;122;3107;;;;;;;;;122;2715;;;;;;;;;122;2157;;;;;;;;;122;2129;
123;2399;;;;;;;;;123;2945;;;;;;;;;123;3235;;;;;;;;;123;3391;;;;;;;;;123;3211;;;;;;;;;123;2623;;;;;;;;;123;2146;;;;;;;;;123;2142;
124;2408;;;;;;;;;124;2921;;;;;;;;;124;3201;;;;;;;;;124;3380;;;;;;;;;124;3313;;;;;;;;;124;2670;;;;;;;;;124;2159;;;;;;;;;124;2114;
125;2414;;;;;;;;;125;2970;;;;;;;;;125;3328;;;;;;;;;125;3539;;;;;;;;;125;3226;;;;;;;;;125;2735;;;;;;;;;125;2299;;;;;;;;;125;2153;
126;2439;;;;;;;;;126;3063;;;;;;;;;126;3275;;;;;;;;;126;3369;;;;;;;;;126;3290;;;;;;;;;126;2764;;;;;;;;;126;2192;;;;;;;;;126;2171;
127;2432;;;;;;;;;127;3058;;;;;;;;;127;3345;;;;;;;;;127;3477;;;;;;;;;127;3204;;;;;;;;;127;2850;;;;;;;;;127;2262;;;;;;;;;127;2193;
128;2540;;;;;;;;;128;3105;;;;;;;;;128;3325;;;;;;;;;128;3386;;;;;;;;;128;3286;;;;;;;;;128;2769;;;;;;;;;128;2260;;;;;;;;;128;2189;
129;2450;;;;;;;;;129;2967;;;;;;;;;129;3367;;;;;;;;;129;3343;;;;;;;;;129;3263;;;;;;;;;129;2797;;;;;;;;;129;2274;;;;;;;;;129;2201;
130;2456;;;;;;;;;130;3028;;;;;;;;;130;3353;;;;;;;;;130;3404;;;;;;;;;130;3173;;;;;;;;;130;2662;;;;;;;;;130;2275;;;;;;;;;130;2233;
131;2408;;;;;;;;;131;3158;;;;;;;;;131;3307;;;;;;;;;131;3462;;;;;;;;;131;3193;;;;;;;;;131;2702;;;;;;;;;131;2290;;;;;;;;;131;2122;
132;2325;;;;;;;;;132;3049;;;;;;;;;132;3281;;;;;;;;;132;3350;;;;;;;;;132;3266;;;;;;;;;132;2740;;;;;;;;;132;2176;;;;;;;;;132;2062;
133;2421;;;;;;;;;133;2962;;;;;;;;;133;3214;;;;;;;;;133;3377;;;;;;;;;133;3249;;;;;;;;;133;2626;;;;;;;;;133;2313;;;;;;;;;133;2165;
134;2365;;;;;;;;;134;2914;;;;;;;;;134;3323;;;;;;;;;134;3321;;;;;;;;;134;3175;;;;;;;;;134;2668;;;;;;;;;134;2167;;;;;;;;;134;2232;
135;2420;;;;;;;;;135;2972;;;;;;;;;135;3290;;;;;;;;;135;3322;;;;;;;;;135;3233;;;;;;;;;135;2687;;;;;;;;;135;2256;;;;;;;;;135;2108;
136;2448;;;;;;;;;136;3027;;;;;;;;;136;3375;;;;;;;;;136;3322;;;;;;;;;136;3276;;;;;;;;;136;2789;;;;;;;;;136;2247;;;;;;;;;136;2166;
137;2501;;;;;;;;;137;2919;;;;;;;;;137;3390;;;;;;;;;137;3395;;;;;;;;;137;3223;;;;;;;;;137;2754;;;;;;;;;137;2241;;;;;;;;;137;2215;
138;2547;;;;;;;;;138;3030;;;;;;;;;138;3349;;;;;;;;;138;3554;;;;;;;;;138;3244;;;;;;;;;138;2772;;;;;;;;;138;2233;;;;;;;;;138;2214;
139;2528;;;;;;;;;139;3085;;;;;;;;;139;3388;;;;;;;;;139;3478;;;;;;;;;139;3412;;;;;;;;;139;2839;;;;;;;;;139;2283;;;;;;;;;139;2279;
140;2521;;;;;;;;;140;3209;;;;;;;;;140;3504;;;;;;;;;140;3574;;;;;;;;;140;3439;;;;;;;;;140;2777;;;;;;;;;140;2388;;;;;;;;;140;2265;
141;2614;;;;;;;;;141;3105;;;;;;;;;141;3450;;;;;;;;;141;3665;;;;;;;;;141;3502;;;;;;;;;141;2936;;;;;;;;;141;2339;;;;;;;;;141;2287;
142;2597;;;;;;;;;142;3235;;;;;;;;;142;3415;;;;;;;;;142;3582;;;;;;;;;142;3428;;;;;;;;;142;2874;;;;;;;;;142;2506;;;;;;;;;142;2312;
143;2732;;;;;;;;;143;3259;;;;;;;;;143;3641;;;;;;;;;143;3619;;;;;;;;;143;3636;;;;;;;;;143;2961;;;;;;;;;143;2509;;;;;;;;;143;2267;
144;2633;;;;;;;;;144;3321;;;;;;;;;144;3658;;;;;;;;;144;3623;;;;;;;;;144;3673;;;;;;;;;144;2907;;;;;;;;;144;2487;;;;;;;;;144;2451;
145;2754;;;;;;;;;145;3327;;;;;;;;;145;3645;;;;;;;;;145;3596;;;;;;;;;145;3558;;;;;;;;;145;3012;;;;;;;;;145;2552;;;;;;;;;145;2459;
146;2811;;;;;;;;;146;3270;;;;;;;;;146;3702;;;;;;;;;146;3817;;;;;;;;;146;3638;;;;;;;;;146;2969;;;;;;;;;146;2577;;;;;;;;;146;2422;
147;2782;;;;;;;;;147;3367;;;;;;;;;147;3676;;;;;;;;;147;3824;;;;;;;;;147;3494;;;;;;;;;147;3073;;;;;;;;;147;2527;;;;;;;;;147;2553;
148;2678;;;;;;;;;148;3323;;;;;;;;;148;3622;;;;;;;;;148;3862;;;;;;;;;148;3530;;;;;;;;;148;3001;;;;;;;;;148;2540;;;;;;;;;148;2460;
149;2625;;;;;;;;;149;3280;;;;;;;;;149;3648;;;;;;;;;149;3662;;;;;;;;;149;3515;;;;;;;;;149;3002;;;;;;;;;149;2558;;;;;;;;;149;2401;
150;2739;;;;;;;;;150;3172;;;;;;;;;150;3593;;;;;;;;;150;3677;;;;;;;;;150;3513;;;;;;;;;150;2935;;;;;;;;;150;2509;;;;;;;;;150;2393;
151;2574;;;;;;;;;151;3199;;;;;;;;;151;3413;;;;;;;;;151;3618;;;;;;;;;151;3472;;;;;;;;;151;2929;;;;;;;;;151;2476;;;;;;;;;151;2374;
152;2379;;;;;;;;;152;3109;;;;;;;;;152;3463;;;;;;;;;152;3509;;;;;;;;;152;3499;;;;;;;;;152;2861;;;;;;;;;152;2388;;;;;;;;;152;2277;
153;2613;;;;;;;;;153;3154;;;;;;;;;153;3383;;;;;;;;;153;3561;;;;;;;;;153;3465;;;;;;;;;153;2938;;;;;;;;;153;2419;;;;;;;;;153;2266;
154;2555;;;;;;;;;154;3182;;;;;;;;;154;3595;;;;;;;;;154;3672;;;;;;;;;154;3399;;;;;;;;;154;2871;;;;;;;;;154;2347;;;;;;;;;154;2293;
155;2626;;;;;;;;;155;3171;;;;;;;;;155;3486;;;;;;;;;155;3583;;;;;;;;;155;3412;;;;;;;;;155;2892;;;;;;;;;155;2425;;;;;;;;;155;2281;
156;2488;;;;;;;;;156;3084;;;;;;;;;156;3480;;;;;;;;;156;3695;;;;;;;;;156;3425;;;;;;;;;156;2871;;;;;;;;;156;2432;;;;;;;;;156;2255;
157;2640;;;;;;;;;157;3184;;;;;;;;;157;3500;;;;;;;;;157;3566;;;;;;;;;157;3489;;;;;;;;;157;2913;;;;;;;;;157;2399;;;;;;;;;157;2389;
158;2667;;;;;;;;;158;3292;;;;;;;;;158;3586;;;;;;;;;158;3673;;;;;;;;;158;3443;;;;;;;;;158;2860;;;;;;;;;158;2450;;;;;;;;;158;2454;
159;2660;;;;;;;;;159;3334;;;;;;;;;159;3528;;;;;;;;;159;3593;;;;;;;;;159;3483;;;;;;;;;159;2924;;;;;;;;;159;2513;;;;;;;;;159;2446;
160;2633;;;;;;;;;160;3272;;;;;;;;;160;3527;;;;;;;;;160;3746;;;;;;;;;160;3492;;;;;;;;;160;2979;;;;;;;;;160;2421;;;;;;;;;160;2378;
161;2834;;;;;;;;;161;3227;;;;;;;;;161;3482;;;;;;;;;161;3639;;;;;;;;;161;3511;;;;;;;;;161;2990;;;;;;;;;161;2580;;;;;;;;;161;2423;
162;2720;;;;;;;;;162;3400;;;;;;;;;162;3601;;;;;;;;;162;3764;;;;;;;;;162;3518;;;;;;;;;162;2903;;;;;;;;;162;2477;;;;;;;;;162;2441;
163;2757;;;;;;;;;163;3276;;;;;;;;;163;3506;;;;;;;;;163;3699;;;;;;;;;163;3588;;;;;;;;;163;2972;;;;;;;;;163;2458;;;;;;;;;163;2527;
164;2716;;;;;;;;;164;3322;;;;;;;;;164;3619;;;;;;;;;164;3703;;;;;;;;;164;3599;;;;;;;;;164;3009;;;;;;;;;164;2517;;;;;;;;;164;2417;
165;2784;;;;;;;;;165;3403;;;;;;;;;165;3715;;;;;;;;;165;3769;;;;;;;;;165;3528;;;;;;;;;165;3073;;;;;;;;;165;2561;;;;;;;;;165;2463;
166;2839;;;;;;;;;166;3334;;;;;;;;;166;3554;;;;;;;;;166;3696;;;;;;;;;166;3559;;;;;;;;;166;3134;;;;;;;;;166;2673;;;;;;;;;166;2492;
167;2797;;;;;;;;;167;3411;;;;;;;;;167;3546;;;;;;;;;167;3735;;;;;;;;;167;3604;;;;;;;;;167;3058;;;;;;;;;167;2760;;;;;;;;;167;2484;
168;2720;;;;;;;;;168;3421;;;;;;;;;168;3632;;;;;;;;;168;3744;;;;;;;;;168;3607;;;;;;;;;168;2946;;;;;;;;;168;2694;;;;;;;;;168;2493;
169;2749;;;;;;;;;169;3310;;;;;;;;;169;3517;;;;;;;;;169;3711;;;;;;;;;169;3661;;;;;;;;;169;3057;;;;;;;;;169;2644;;;;;;;;;169;2544;
170;2779;;;;;;;;;170;3386;;;;;;;;;170;3692;;;;;;;;;170;3767;;;;;;;;;170;3637;;;;;;;;;170;3194;;;;;;;;;170;2561;;;;;;;;;170;2501;
171;2856;;;;;;;;;171;3459;;;;;;;;;171;3628;;;;;;;;;171;3698;;;;;;;;;171;3520;;;;;;;;;171;2938;;;;;;;;;171;2556;;;;;;;;;171;2488;
172;2853;;;;;;;;;172;3387;;;;;;;;;172;3650;;;;;;;;;172;3835;;;;;;;;;172;3628;;;;;;;;;172;3164;;;;;;;;;172;2698;;;;;;;;;172;2663;
173;2816;;;;;;;;;173;3318;;;;;;;;;173;3706;;;;;;;;;173;3907;;;;;;;;;173;3714;;;;;;;;;173;3132;;;;;;;;;173;2668;;;;;;;;;173;2580;
174;2951;;;;;;;;;174;3403;;;;;;;;;174;3713;;;;;;;;;174;3806;;;;;;;;;174;3739;;;;;;;;;174;3201;;;;;;;;;174;2729;;;;;;;;;174;2622;
175;2908;;;;;;;;;175;3434;;;;;;;;;175;3648;;;;;;;;;175;3806;;;;;;;;;175;3696;;;;;;;;;175;3084;;;;;;;;;175;2678;;;;;;;;;175;2674;
176;3025;;;;;;;;;176;3512;;;;;;;;;176;3878;;;;;;;;;176;3831;;;;;;;;;176;3791;;;;;;;;;176;3127;;;;;;;;;176;2814;;;;;;;;;176;2662;
177;3038;;;;;;;;;177;3444;;;;;;;;;177;3736;;;;;;;;;177;3764;;;;;;;;;177;3728;;;;;;;;;177;3156;;;;;;;;;177;2747;;;;;;;;;177;2677;
178;2939;;;;;;;;;178;3522;;;;;;;;;178;3741;;;;;;;;;178;3813;;;;;;;;;178;3712;;;;;;;;;178;3119;;;;;;;;;178;2784;;;;;;;;;178;2748;
179;2959;;;;;;;;;179;3538;;;;;;;;;179;3717;;;;;;;;;179;3930;;;;;;;;;179;3654;;;;;;;;;179;3257;;;;;;;;;179;2799;;;;;;;;;179;2818;
180;2914;;;;;;;;;180;3471;;;;;;;;;180;3764;;;;;;;;;180;3832;;;;;;;;;180;3759;;;;;;;;;180;3292;;;;;;;;;180;2822;;;;;;;;;180;2754;
181;3007;;;;;;;;;181;3445;;;;;;;;;181;3680;;;;;;;;;181;3910;;;;;;;;;181;3691;;;;;;;;;181;3255;;;;;;;;;181;2793;;;;;;;;;181;2816;
182;2985;;;;;;;;;182;3504;;;;;;;;;182;3832;;;;;;;;;182;3695;;;;;;;;;182;3638;;;;;;;;;182;3184;;;;;;;;;182;2859;;;;;;;;;182;2722;
183;3053;;;;;;;;;183;3484;;;;;;;;;183;3846;;;;;;;;;183;3827;;;;;;;;;183;3632;;;;;;;;;183;3221;;;;;;;;;183;2716;;;;;;;;;183;2827;
184;3029;;;;;;;;;184;3657;;;;;;;;;184;3698;;;;;;;;;184;3750;;;;;;;;;184;3695;;;;;;;;;184;3359;;;;;;;;;184;2839;;;;;;;;;184;2747;
185;3012;;;;;;;;;185;3530;;;;;;;;;185;3931;;;;;;;;;185;3877;;;;;;;;;185;3690;;;;;;;;;185;3195;;;;;;;;;185;2867;;;;;;;;;185;2856;
186;3131;;;;;;;;;186;3531;;;;;;;;;186;3763;;;;;;;;;186;3847;;;;;;;;;186;3808;;;;;;;;;186;3267;;;;;;;;;186;2920;;;;;;;;;186;2837;
187;3025;;;;;;;;;187;3682;;;;;;;;;187;3743;;;;;;;;;187;3851;;;;;;;;;187;3738;;;;;;;;;187;3339;;;;;;;;;187;2832;;;;;;;;;187;2743;
188;3041;;;;;;;;;188;3555;;;;;;;;;188;3858;;;;;;;;;188;3972;;;;;;;;;188;3763;;;;;;;;;188;3359;;;;;;;;;188;2857;;;;;;;;;188;2749;
189;3067;;;;;;;;;189;3523;;;;;;;;;189;3756;;;;;;;;;189;3840;;;;;;;;;189;3741;;;;;;;;;189;3234;;;;;;;;;189;2751;;;;;;;;;189;2850;
190;3128;;;;;;;;;190;3534;;;;;;;;;190;3875;;;;;;;;;190;3871;;;;;;;;;190;3786;;;;;;;;;190;3296;;;;;;;;;190;2924;;;;;;;;;190;2904;
191;3030;;;;;;;;;191;3572;;;;;;;;;191;3781;;;;;;;;;191;3902;;;;;;;;;191;3775;;;;;;;;;191;3275;;;;;;;;;191;2897;;;;;;;;;191;2839;
192;3057;;;;;;;;;192;3592;;;;;;;;;192;3861;;;;;;;;;192;3931;;;;;;;;;192;3683;;;;;;;;;192;3200;;;;;;;;;192;2843;;;;;;;;;192;2828;
193;3106;;;;;;;;;193;3561;;;;;;;;;193;3881;;;;;;;;;193;3832;;;;;;;;;193;3812;;;;;;;;;193;3238;;;;;;;;;193;2920;;;;;;;;;193;2867;
194;3165;;;;;;;;;194;3462;;;;;;;;;194;3782;;;;;;;;;194;3907;;;;;;;;;194;3849;;;;;;;;;194;3353;;;;;;;;;194;3033;;;;;;;;;194;2940;
195;3022;;;;;;;;;195;3608;;;;;;;;;195;3765;;;;;;;;;195;4019;;;;;;;;;195;3839;;;;;;;;;195;3226;;;;;;;;;195;2984;;;;;;;;;195;2844;
196;3098;;;;;;;;;196;3528;;;;;;;;;196;3879;;;;;;;;;196;3874;;;;;;;;;196;3707;;;;;;;;;196;3281;;;;;;;;;196;3000;;;;;;;;;196;2831;
197;3247;;;;;;;;;197;3606;;;;;;;;;197;3796;;;;;;;;;197;3961;;;;;;;;;197;3761;;;;;;;;;197;3293;;;;;;;;;197;2915;;;;;;;;;197;3020;
198;3156;;;;;;;;;198;3719;;;;;;;;;198;3775;;;;;;;;;198;3792;;;;;;;;;198;3749;;;;;;;;;198;3327;;;;;;;;;198;3013;;;;;;;;;198;2947;
199;3118;;;;;;;;;199;3581;;;;;;;;;199;3750;;;;;;;;;199;3804;;;;;;;;;199;3668;;;;;;;;;199;3215;;;;;;;;;199;3041;;;;;;;;;199;3002;
200;3219;;;;;;;;;200;3559;;;;;;;;;200;3816;;;;;;;;;200;3841;;;;;;;;;200;3618;;;;;;;;;200;3324;;;;;;;;;200;3073;;;;;;;;;200;3059;
201;3215;;;;;;;;;201;3450;;;;;;;;;201;3854;;;;;;;;;201;3811;;;;;;;;;201;3597;;;;;;;;;201;3265;;;;;;;;;201;3003;;;;;;;;;201;3023;
202;3285;;;;;;;;;202;3681;;;;;;;;;202;3790;;;;;;;;;202;3832;;;;;;;;;202;3719;;;;;;;;;202;3282;;;;;;;;;202;3178;;;;;;;;;202;3078;
203;3182;;;;;;;;;203;3775;;;;;;;;;203;3702;;;;;;;;;203;3897;;;;;;;;;203;3770;;;;;;;;;203;3290;;;;;;;;;203;3093;;;;;;;;;203;3071;
204;3268;;;;;;;;;204;3573;;;;;;;;;204;3778;;;;;;;;;204;3832;;;;;;;;;204;3745;;;;;;;;;204;3418;;;;;;;;;204;3001;;;;;;;;;204;2997;
205;3160;;;;;;;;;205;3666;;;;;;;;;205;3880;;;;;;;;;205;3764;;;;;;;;;205;3740;;;;;;;;;205;3353;;;;;;;;;205;3230;;;;;;;;;205;3087;
206;3174;;;;;;;;;206;3667;;;;;;;;;206;3737;;;;;;;;;206;3836;;;;;;;;;206;3773;;;;;;;;;206;3348;;;;;;;;;206;3156;;;;;;;;;206;3067;
207;3330;;;;;;;;;207;3550;;;;;;;;;207;3841;;;;;;;;;207;3818;;;;;;;;;207;3756;;;;;;;;;207;3400;;;;;;;;;207;3173;;;;;;;;;207;3099;
208;3217;;;;;;;;;208;3678;;;;;;;;;208;3772;;;;;;;;;208;3860;;;;;;;;;208;3881;;;;;;;;;208;3422;;;;;;;;;208;3089;;;;;;;;;208;3070;
209;3206;;;;;;;;;209;3684;;;;;;;;;209;3784;;;;;;;;;209;3926;;;;;;;;;209;3811;;;;;;;;;209;3385;;;;;;;;;209;3171;;;;;;;;;209;3079;
210;3186;;;;;;;;;210;3691;;;;;;;;;210;3886;;;;;;;;;210;3969;;;;;;;;;210;3852;;;;;;;;;210;3422;;;;;;;;;210;3246;;;;;;;;;210;3152;
211;3298;;;;;;;;;211;3632;;;;;;;;;211;3829;;;;;;;;;211;3876;;;;;;;;;211;3796;;;;;;;;;211;3508;;;;;;;;;211;3211;;;;;;;;;211;3129;
212;3298;;;;;;;;;212;3608;;;;;;;;;212;4004;;;;;;;;;212;3968;;;;;;;;;212;3787;;;;;;;;;212;3506;;;;;;;;;212;3150;;;;;;;;;212;2995;
213;3345;;;;;;;;;213;3691;;;;;;;;;213;3905;;;;;;;;;213;3896;;;;;;;;;213;3872;;;;;;;;;213;3536;;;;;;;;;213;3111;;;;;;;;;213;3142;
214;3308;;;;;;;;;214;3678;;;;;;;;;214;3890;;;;;;;;;214;3848;;;;;;;;;214;3907;;;;;;;;;214;3422;;;;;;;;;214;3256;;;;;;;;;214;3171;
215;3326;;;;;;;;;215;3719;;;;;;;;;215;3899;;;;;;;;;215;4018;;;;;;;;;215;3800;;;;;;;;;215;3457;;;;;;;;;215;3209;;;;;;;;;215;3218;
216;3458;;;;;;;;;216;3833;;;;;;;;;216;3887;;;;;;;;;216;3876;;;;;;;;;216;3877;;;;;;;;;216;3448;;;;;;;;;216;3285;;;;;;;;;216;3206;
217;3450;;;;;;;;;217;3880;;;;;;;;;217;4013;;;;;;;;;217;3873;;;;;;;;;217;3818;;;;;;;;;217;3555;;;;;;;;;217;3261;;;;;;;;;217;3247;
218;3402;;;;;;;;;218;3790;;;;;;;;;218;3924;;;;;;;;;218;3889;;;;;;;;;218;3875;;;;;;;;;218;3544;;;;;;;;;218;3250;;;;;;;;;218;3185;
219;3476;;;;;;;;;219;3673;;;;;;;;;219;3984;;;;;;;;;219;4077;;;;;;;;;219;3904;;;;;;;;;219;3517;;;;;;;;;219;3233;;;;;;;;;219;3188;
220;3512;;;;;;;;;220;3698;;;;;;;;;220;3909;;;;;;;;;220;4009;;;;;;;;;220;3902;;;;;;;;;220;3612;;;;;;;;;220;3229;;;;;;;;;220;3258;
221;3509;;;;;;;;;221;3850;;;;;;;;;221;3951;;;;;;;;;221;4015;;;;;;;;;221;3909;;;;;;;;;221;3566;;;;;;;;;221;3452;;;;;;;;;221;3290;
222;3619;;;;;;;;;222;3867;;;;;;;;;222;3976;;;;;;;;;222;4068;;;;;;;;;222;3982;;;;;;;;;222;3597;;;;;;;;;222;3463;;;;;;;;;222;3416;
223;3687;;;;;;;;;223;3963;;;;;;;;;223;4062;;;;;;;;;223;4244;;;;;;;;;223;3989;;;;;;;;;223;3768;;;;;;;;;223;3503;;;;;;;;;223;3426;
224;3729;;;;;;;;;224;4110;;;;;;;;;224;4255;;;;;;;;;224;4259;;;;;;;;;224;4165;;;;;;;;;224;3859;;;;;;;;;224;3642;;;;;;;;;224;3569;
225;3932;;;;;;;;;225;4244;;;;;;;;;225;4396;;;;;;;;;225;4420;;;;;;;;;225;4373;;;;;;;;;225;3968;;;;;;;;;225;3817;;;;;;;;;225;3731;
226;4155;;;;;;;;;226;4583;;;;;;;;;226;4638;;;;;;;;;226;4636;;;;;;;;;226;4562;;;;;;;;;226;4093;;;;;;;;;226;3959;;;;;;;;;226;4126;
227;4526;;;;;;;;;227;4804;;;;;;;;;227;4910;;;;;;;;;227;5044;;;;;;;;;227;4970;;;;;;;;;227;4559;;;;;;;;;227;4238;;;;;;;;;227;4288;
228;4865;;;;;;;;;228;5284;;;;;;;;;228;5403;;;;;;;;;228;5258;;;;;;;;;228;5121;;;;;;;;;228;5007;;;;;;;;;228;4785;;;;;;;;;228;4638;
229;5494;;;;;;;;;229;5852;;;;;;;;;229;5803;;;;;;;;;229;5946;;;;;;;;;229;5859;;;;;;;;;229;5429;;;;;;;;;229;5382;;;;;;;;;229;5239;
230;5962;;;;;;;;;230;6271;;;;;;;;;230;6465;;;;;;;;;230;6568;;;;;;;;;230;6534;;;;;;;;;230;6073;;;;;;;;;230;5884;;;;;;;;;230;5924;
231;6685;;;;;;;;;231;6954;;;;;;;;;231;7233;;;;;;;;;231;7176;;;;;;;;;231;7131;;;;;;;;;231;6778;;;;;;;;;231;6490;;;;;;;;;231;6414;
232;7152;;;;;;;;;232;7497;;;;;;;;;232;7664;;;;;;;;;232;7851;;;;;;;;;232;7729;;;;;;;;;232;7276;;;;;;;;;232;7198;;;;;;;;;232;7056;
233;7784;;;;;;;;;233;8071;;;;;;;;;233;8197;;;;;;;;;233;8247;;;;;;;;;233;8334;;;;;;;;;233;7964;;;;;;;;;233;7520;;;;;;;;;233;7518;
234;8083;;;;;;;;;234;8563;;;;;;;;;234;8639;;;;;;;;;234;8964;;;;;;;;;234;8689;;;;;;;;;234;8192;;;;;;;;;234;7990;;;;;;;;;234;7954;
235;8365;;;;;;;;;235;8849;;;;;;;;;235;9126;;;;;;;;;235;9101;;;;;;;;;235;8902;;;;;;;;;235;8480;;;;;;;;;235;8278;;;;;;;;;235;8183;
236;8556;;;;;;;;;236;8952;;;;;;;;;236;9089;;;;;;;;;236;9105;;;;;;;;;236;9142;;;;;;;;;236;8665;;;;;;;;;236;8536;;;;;;;;;236;8467;
237;8414;;;;;;;;;237;9020;;;;;;;;;237;9052;;;;;;;;;237;9268;;;;;;;;;237;9113;;;;;;;;;237;8803;;;;;;;;;237;8518;;;;;;;;;237;8241;
238;8321;;;;;;;;;238;8693;;;;;;;;;238;8843;;;;;;;;;238;8930;;;;;;;;;238;9014;;;;;;;;;238;8417;;;;;;;;;238;8178;;;;;;;;;238;8133;
239;7661;;;;;;;;;239;8163;;;;;;;;;239;8246;;;;;;;;;239;8416;;;;;;;;;239;8384;;;;;;;;;239;8002;;;;;;;;;239;7677;;;;;;;;;239;7619;
240;6993;;;;;;;;;240;7405;;;;;;;;;240;7510;;;;;;;;;240;7465;;;;;;;;;240;7579;;;;;;;;;240;7138;;;;;;;;;240;6952;;;;;;;;;240;6859;
241;6157;;;;;;;;;241;6326;;;;;;;;;241;6638;;;;;;;;;241;6722;;;;;;;;;241;6686;;;;;;;;;241;6329;;;;;;;;;241;6048;;;;;;;;;241;5932;
242;5279;;;;;;;;;242;5579;;;;;;;;;242;5786;;;;;;;;;242;5758;;;;;;;;;242;5592;;;;;;;;;242;5449;;;;;;;;;242;5033;;;;;;;;;242;5137;
243;4503;;;;;;;;;243;5033;;;;;;;;;243;4923;;;;;;;;;243;5004;;;;;;;;;243;4842;;;;;;;;;243;4703;;;;;;;;;243;4428;;;;;;;;;243;4491;
244;3973;;;;;;;;;244;4449;;;;;;;;;244;4377;;;;;;;;;244;4395;;;;;;;;;244;4426;;;;;;;;;244;4189;;;;;;;;;244;4009;;;;;;;;;244;3894;
245;3763;;;;;;;;;245;3984;;;;;;;;;245;4002;;;;;;;;;245;4101;;;;;;;;;245;4047;;;;;;;;;245;3795;;;;;;;;;245;3674;;;;;;;;;245;3565;
246;3607;;;;;;;;;246;3820;;;;;;;;;246;3812;;;;;;;;;246;3882;;;;;;;;;246;3907;;;;;;;;;246;3666;;;;;;;;;246;3508;;;;;;;;;246;3499;
247;3385;;;;;;;;;247;3708;;;;;;;;;247;3838;;;;;;;;;247;3825;;;;;;;;;247;3783;;;;;;;;;247;3622;;;;;;;;;247;3381;;;;;;;;;247;3336;
248;3426;;;;;;;;;248;3668;;;;;;;;;248;3714;;;;;;;;;248;3770;;;;;;;;;248;3750;;;;;;;;;248;3487;;;;;;;;;248;3242;;;;;;;;;248;3223;
249;3336;;;;;;;;;249;3485;;;;;;;;;249;3690;;;;;;;;;249;3832;;;;;;;;;249;3710;;;;;;;;;249;3441;;;;;;;;;249;3259;;;;;;;;;249;3183;
250;3327;;;;;;;;;250;3633;;;;;;;;;250;3636;;;;;;;;;250;3770;;;;;;;;;250;3695;;;;;;;;;250;3437;;;;;;;;;250;3394;;;;;;;;;250;3303;
251;3416;;;;;;;;;251;3659;;;;;;;;;251;3789;;;;;;;;;251;3652;;;;;;;;;251;3735;;;;;;;;;251;3525;;;;;;;;;251;3341;;;;;;;;;251;3303;
252;3330;;;;;;;;;252;3605;;;;;;;;;252;3689;;;;;;;;;252;3776;;;;;;;;;252;3626;;;;;;;;;252;3441;;;;;;;;;252;3236;;;;;;;;;252;3315;
253;3427;;;;;;;;;253;3631;;;;;;;;;253;3657;;;;;;;;;253;3605;;;;;;;;;253;3538;;;;;;;;;253;3496;;;;;;;;;253;3236;;;;;;;;;253;3281;
254;3368;;;;;;;;;254;3624;;;;;;;;;254;3693;;;;;;;;;254;3816;;;;;;;;;254;3564;;;;;;;;;254;3423;;;;;;;;;254;3280;;;;;;;;;254;3301;
255;3489;;;;;;;;;255;3579;;;;;;;;;255;3810;;;;;;;;;255;3760;;;;;;;;;255;3562;;;;;;;;;255;3454;;;;;;;;;255;3228;;;;;;;;;255;3335;
256;3507;;;;;;;;;256;3580;;;;;;;;;256;3697;;;;;;;;;256;3727;;;;;;;;;256;3556;;;;;;;;;256;3556;;;;;;;;;256;3343;;;;;;;;;256;3380;
257;3545;;;;;;;;;257;3648;;;;;;;;;257;3823;;;;;;;;;257;3743;;;;;;;;;257;3633;;;;;;;;;257;3538;;;;;;;;;257;3226;;;;;;;;;257;3401;
258;3590;;;;;;;;;258;3810;;;;;;;;;258;3795;;;;;;;;;258;3712;;;;;;;;;258;3804;;;;;;;;;258;3555;;;;;;;;;258;3510;;;;;;;;;258;3432;
259;3654;;;;;;;;;259;3779;;;;;;;;;259;3963;;;;;;;;;259;3943;;;;;;;;;259;3688;;;;;;;;;259;3574;;;;;;;;;259;3482;;;;;;;;;259;3484;
260;3809;;;;;;;;;260;3888;;;;;;;;;260;3926;;;;;;;;;260;3968;;;;;;;;;260;3909;;;;;;;;;260;3721;;;;;;;;;260;3497;;;;;;;;;260;3520;
261;3864;;;;;;;;;261;3948;;;;;;;;;261;3989;;;;;;;;;261;4025;;;;;;;;;261;3921;;;;;;;;;261;3920;;;;;;;;;261;3733;;;;;;;;;261;3808;
262;3953;;;;;;;;;262;3992;;;;;;;;;262;4200;;;;;;;;;262;4222;;;;;;;;;262;4122;;;;;;;;;262;3891;;;;;;;;;262;3924;;;;;;;;;262;3791;
263;4152;;;;;;;;;263;4446;;;;;;;;;263;4227;;;;;;;;;263;4257;;;;;;;;;263;4136;;;;;;;;;263;4123;;;;;;;;;263;4065;;;;;;;;;263;4050;
264;4188;;;;;;;;;264;4497;;;;;;;;;264;4497;;;;;;;;;264;4530;;;;;;;;;264;4517;;;;;;;;;264;4386;;;;;;;;;264;4246;;;;;;;;;264;4376;
265;4510;;;;;;;;;265;4662;;;;;;;;;265;4845;;;;;;;;;265;4607;;;;;;;;;265;4680;;;;;;;;;265;4494;;;;;;;;;265;4443;;;;;;;;;265;4380;
266;4644;;;;;;;;;266;5078;;;;;;;;;266;5024;;;;;;;;;266;4917;;;;;;;;;266;4933;;;;;;;;;266;4855;;;;;;;;;266;4640;;;;;;;;;266;4639;
267;4966;;;;;;;;;267;5025;;;;;;;;;267;5112;;;;;;;;;267;5203;;;;;;;;;267;5127;;;;;;;;;267;5064;;;;;;;;;267;4841;;;;;;;;;267;4865;
268;5087;;;;;;;;;268;5365;;;;;;;;;268;5341;;;;;;;;;268;5493;;;;;;;;;268;5311;;;;;;;;;268;5017;;;;;;;;;268;5037;;;;;;;;;268;4940;
269;5123;;;;;;;;;269;5333;;;;;;;;;269;5341;;;;;;;;;269;5329;;;;;;;;;269;5411;;;;;;;;;269;5136;;;;;;;;;269;5083;;;;;;;;;269;4968;
270;4995;;;;;;;;;270;5254;;;;;;;;;270;5095;;;;;;;;;270;5215;;;;;;;;;270;5175;;;;;;;;;270;4915;;;;;;;;;270;4813;;;;;;;;;270;4953;
271;4928;;;;;;;;;271;5070;;;;;;;;;271;5060;;;;;;;;;271;5120;;;;;;;;;271;4930;;;;;;;;;271;4694;;;;;;;;;271;4718;;;;;;;;;271;4753;
272;4518;;;;;;;;;272;4797;;;;;;;;;272;4714;;;;;;;;;272;4818;;;;;;;;;272;4697;;;;;;;;;272;4567;;;;;;;;;272;4405;;;;;;;;;272;4502;
273;4279;;;;;;;;;273;4502;;;;;;;;;273;4497;;;;;;;;;273;4532;;;;;;;;;273;4487;;;;;;;;;273;4299;;;;;;;;;273;4157;;;;;;;;;273;4128;
274;4000;;;;;;;;;274;4211;;;;;;;;;274;4247;;;;;;;;;274;4266;;;;;;;;;274;4278;;;;;;;;;274;4057;;;;;;;;;274;4060;;;;;;;;;274;3952;
275;3929;;;;;;;;;275;4027;;;;;;;;;275;4037;;;;;;;;;275;4012;;;;;;;;;275;3988;;;;;;;;;275;3946;;;;;;;;;275;3720;;;;;;;;;275;3756;
276;3690;;;;;;;;;276;3960;;;;;;;;;276;3999;;;;;;;;;276;3955;;;;;;;;;276;3803;;;;;;;;;276;3761;;;;;;;;;276;3662;;;;;;;;;276;3742;
277;3534;;;;;;;;;277;3618;;;;;;;;;277;3867;;;;;;;;;277;3741;;;;;;;;;277;3718;;;;;;;;;277;3621;;;;;;;;;277;3575;;;;;;;;;277;3472;
278;3375;;;;;;;;;278;3572;;;;;;;;;278;3674;;;;;;;;;278;3589;;;;;;;;;278;3610;;;;;;;;;278;3431;;;;;;;;;278;3458;;;;;;;;;278;3353;
279;3363;;;;;;;;;279;3470;;;;;;;;;279;3499;;;;;;;;;279;3519;;;;;;;;;279;3484;;;;;;;;;279;3416;;;;;;;;;279;3484;;;;;;;;;279;3429;
280;3237;;;;;;;;;280;3404;;;;;;;;;280;3355;;;;;;;;;280;3344;;;;;;;;;280;3408;;;;;;;;;280;3345;;;;;;;;;280;3192;;;;;;;;;280;3209;
281;3113;;;;;;;;;281;3152;;;;;;;;;281;3179;;;;;;;;;281;3268;;;;;;;;;281;3155;;;;;;;;;281;3144;;;;;;;;;281;3152;;;;;;;;;281;3095;
282;3095;;;;;;;;;282;3172;;;;;;;;;282;3221;;;;;;;;;282;3172;;;;;;;;;282;3100;;;;;;;;;282;2962;;;;;;;;;282;2967;;;;;;;;;282;3003;
283;2930;;;;;;;;;283;2974;;;;;;;;;283;3144;;;;;;;;;283;3026;;;;;;;;;283;3044;;;;;;;;;283;2974;;;;;;;;;283;2986;;;;;;;;;283;2891;
284;2891;;;;;;;;;284;3068;;;;;;;;;284;3082;;;;;;;;;284;3016;;;;;;;;;284;3048;;;;;;;;;284;2878;;;;;;;;;284;2801;;;;;;;;;284;2788;
285;3056;;;;;;;;;285;2932;;;;;;;;;285;2995;;;;;;;;;285;3048;;;;;;;;;285;3074;;;;;;;;;285;2875;;;;;;;;;285;2890;;;;;;;;;285;2794;
286;2871;;;;;;;;;286;3007;;;;;;;;;286;2997;;;;;;;;;286;3116;;;;;;;;;286;2970;;;;;;;;;286;2838;;;;;;;;;286;2819;;;;;;;;;286;2785;
287;2879;;;;;;;;;287;3053;;;;;;;;;287;2945;;;;;;;;;287;2964;;;;;;;;;287;2984;;;;;;;;;287;2867;;;;;;;;;287;2782;;;;;;;;;287;2789;
288;2844;;;;;;;;;288;2962;;;;;;;;;288;3087;;;;;;;;;288;3094;;;;;;;;;288;3029;;;;;;;;;288;2932;;;;;;;;;288;2835;;;;;;;;;288;2838;
289;2809;;;;;;;;;289;3039;;;;;;;;;289;2925;;;;;;;;;289;3004;;;;;;;;;289;2927;;;;;;;;;289;3038;;;;;;;;;289;2869;;;;;;;;;289;2842;
290;2922;;;;;;;;;290;2892;;;;;;;;;290;3051;;;;;;;;;290;3010;;;;;;;;;290;2971;;;;;;;;;290;2911;;;;;;;;;290;2769;;;;;;;;;290;2818;
291;2827;;;;;;;;;291;2953;;;;;;;;;291;2920;;;;;;;;;291;3079;;;;;;;;;291;2984;;;;;;;;;291;2842;;;;;;;;;291;2838;;;;;;;;;291;2798;
292;2877;;;;;;;;;292;2992;;;;;;;;;292;3077;;;;;;;;;292;2959;;;;;;;;;292;2969;;;;;;;;;292;2894;;;;;;;;;292;2791;;;;;;;;;292;2748;
293;2866;;;;;;;;;293;3067;;;;;;;;;293;2945;;;;;;;;;293;3059;;;;;;;;;293;2957;;;;;;;;;293;2849;;;;;;;;;293;2746;;;;;;;;;293;2862;
294;2883;;;;;;;;;294;3055;;;;;;;;;294;2976;;;;;;;;;294;3009;;;;;;;;;294;3045;;;;;;;;;294;2897;;;;;;;;;294;2792;;;;;;;;;294;2892;
295;2785;;;;;;;;;295;2953;;;;;;;;;295;2910;;;;;;;;;295;2966;;;;;;;;;295;2970;;;;;;;;;295;2869;;;;;;;;;295;2775;;;;;;;;;295;2831;
296;2946;;;;;;;;;296;3009;;;;;;;;;296;2906;;;;;;;;;296;2974;;;;;;;;;296;2940;;;;;;;;;296;2873;;;;;;;;;296;2866;;;;;;;;;296;2823;
297;2852;;;;;;;;;297;2978;;;;;;;;;297;2942;;;;;;;;;297;2926;;;;;;;;;297;2949;;;;;;;;;297;2875;;;;;;;;;297;2793;;;;;;;;;297;2721;
298;2831;;;;;;;;;298;2843;;;;;;;;;298;2931;;;;;;;;;298;2907;;;;;;;;;298;2992;;;;;;;;;298;2832;;;;;;;;;298;2682;;;;;;;;;298;2675;
299;2818;;;;;;;;;299;2925;;;;;;;;;299;3039;;;;;;;;;299;2952;;;;;;;;;299;2891;;;;;;;;;299;2874;;;;;;;;;299;2722;;;;;;;;;299;2851;
300;2858;;;;;;;;;300;2969;;;;;;;;;300;2924;;;;;;;;;300;3017;;;;;;;;;300;2820;;;;;;;;;300;2702;;;;;;;;;300;2764;;;;;;;;;300;2723;
301;2889;;;;;;;;;301;2950;;;;;;;;;301;2947;;;;;;;;;301;2891;;;;;;;;;301;2907;;;;;;;;;301;2782;;;;;;;;;301;2633;;;;;;;;;301;2734;
302;2749;;;;;;;;;302;2805;;;;;;;;;302;2901;;;;;;;;;302;2846;;;;;;;;;302;2852;;;;;;;;;302;2694;;;;;;;;;302;2726;;;;;;;;;302;2667;
303;2715;;;;;;;;;303;2762;;;;;;;;;303;2836;;;;;;;;;303;2971;;;;;;;;;303;2804;;;;;;;;;303;2694;;;;;;;;;303;2751;;;;;;;;;303;2701;
304;2691;;;;;;;;;304;2822;;;;;;;;;304;2772;;;;;;;;;304;2755;;;;;;;;;304;2854;;;;;;;;;304;2656;;;;;;;;;304;2673;;;;;;;;;304;2770;
305;2691;;;;;;;;;305;2815;;;;;;;;;305;2788;;;;;;;;;305;2819;;;;;;;;;305;2818;;;;;;;;;305;2696;;;;;;;;;305;2758;;;;;;;;;305;2696;
306;2667;;;;;;;;;306;2728;;;;;;;;;306;2713;;;;;;;;;306;2738;;;;;;;;;306;2694;;;;;;;;;306;2624;;;;;;;;;306;2708;;;;;;;;;306;2613;
307;2696;;;;;;;;;307;2724;;;;;;;;;307;2774;;;;;;;;;307;2633;;;;;;;;;307;2714;;;;;;;;;307;2586;;;;;;;;;307;2634;;;;;;;;;307;2593;
308;2584;;;;;;;;;308;2801;;;;;;;;;308;2723;;;;;;;;;308;2770;;;;;;;;;308;2667;;;;;;;;;308;2605;;;;;;;;;308;2636;;;;;;;;;308;2591;
309;2656;;;;;;;;;309;2691;;;;;;;;;309;2764;;;;;;;;;309;2661;;;;;;;;;309;2593;;;;;;;;;309;2524;;;;;;;;;309;2586;;;;;;;;;309;2708;
310;2563;;;;;;;;;310;2696;;;;;;;;;310;2661;;;;;;;;;310;2726;;;;;;;;;310;2615;;;;;;;;;310;2576;;;;;;;;;310;2569;;;;;;;;;310;2536;
311;2560;;;;;;;;;311;2606;;;;;;;;;311;2660;;;;;;;;;311;2592;;;;;;;;;311;2617;;;;;;;;;311;2558;;;;;;;;;311;2436;;;;;;;;;311;2527;
312;2620;;;;;;;;;312;2547;;;;;;;;;312;2613;;;;;;;;;312;2505;;;;;;;;;312;2637;;;;;;;;;312;2534;;;;;;;;;312;2430;;;;;;;;;312;2519;
313;2476;;;;;;;;;313;2566;;;;;;;;;313;2525;;;;;;;;;313;2538;;;;;;;;;313;2547;;;;;;;;;313;2518;;;;;;;;;313;2431;;;;;;;;;313;2397;
314;2328;;;;;;;;;314;2508;;;;;;;;;314;2459;;;;;;;;;314;2557;;;;;;;;;314;2454;;;;;;;;;314;2439;;;;;;;;;314;2280;;;;;;;;;314;2300;
315;2457;;;;;;;;;315;2453;;;;;;;;;315;2443;;;;;;;;;315;2511;;;;;;;;;315;2407;;;;;;;;;315;2373;;;;;;;;;315;2328;;;;;;;;;315;2295;
316;2393;;;;;;;;;316;2389;;;;;;;;;316;2483;;;;;;;;;316;2300;;;;;;;;;316;2375;;;;;;;;;316;2209;;;;;;;;;316;2203;;;;;;;;;316;2242;
317;2183;;;;;;;;;317;2291;;;;;;;;;317;2306;;;;;;;;;317;2260;;;;;;;;;317;2355;;;;;;;;;317;2196;;;;;;;;;317;2182;;;;;;;;;317;2205;
318;2197;;;;;;;;;318;2283;;;;;;;;;318;2326;;;;;;;;;318;2214;;;;;;;;;318;2209;;;;;;;;;318;2164;;;;;;;;;318;2018;;;;;;;;;318;2068;
319;2089;;;;;;;;;319;2234;;;;;;;;;319;2153;;;;;;;;;319;2190;;;;;;;;;319;2176;;;;;;;;;319;1975;;;;;;;;;319;2015;;;;;;;;;319;2018;
320;1917;;;;;;;;;320;2043;;;;;;;;;320;2088;;;;;;;;;320;2100;;;;;;;;;320;2085;;;;;;;;;320;1937;;;;;;;;;320;1850;;;;;;;;;320;1851;
321;1761;;;;;;;;;321;1960;;;;;;;;;321;1940;;;;;;;;;321;2008;;;;;;;;;321;1960;;;;;;;;;321;1790;;;;;;;;;321;1781;;;;;;;;;321;1761;
322;1668;;;;;;;;;322;1858;;;;;;;;;322;1927;;;;;;;;;322;1980;;;;;;;;;322;1912;;;;;;;;;322;1755;;;;;;;;;322;1588;;;;;;;;;322;1661;
323;1611;;;;;;;;;323;1812;;;;;;;;;323;1821;;;;;;;;;323;1897;;;;;;;;;323;1779;;;;;;;;;323;1588;;;;;;;;;323;1503;;;;;;;;;323;1513;
324;1450;;;;;;;;;324;1699;;;;;;;;;324;1772;;;;;;;;;324;1801;;;;;;;;;324;1638;;;;;;;;;324;1540;;;;;;;;;324;1368;;;;;;;;;324;1344;
325;1376;;;;;;;;;325;1556;;;;;;;;;325;1686;;;;;;;;;325;1747;;;;;;;;;325;1606;;;;;;;;;325;1465;;;;;;;;;325;1232;;;;;;;;;325;1324;
326;1325;;;;;;;;;326;1544;;;;;;;;;326;1584;;;;;;;;;326;1580;;;;;;;;;326;1565;;;;;;;;;326;1406;;;;;;;;;326;1230;;;;;;;;;326;1245;
327;1240;;;;;;;;;327;1397;;;;;;;;;327;1569;;;;;;;;;327;1619;;;;;;;;;327;1472;;;;;;;;;327;1329;;;;;;;;;327;1198;;;;;;;;;327;1205;
328;1234;;;;;;;;;328;1420;;;;;;;;;328;1472;;;;;;;;;328;1563;;;;;;;;;328;1433;;;;;;;;;328;1228;;;;;;;;;328;1142;;;;;;;;;328;1085;
329;1255;;;;;;;;;329;1391;;;;;;;;;329;1493;;;;;;;;;329;1433;;;;;;;;;329;1400;;;;;;;;;329;1246;;;;;;;;;329;1089;;;;;;;;;329;1139;
330;1236;;;;;;;;;330;1386;;;;;;;;;330;1504;;;;;;;;;330;1475;;;;;;;;;330;1366;;;;;;;;;330;1204;;;;;;;;;330;1097;;;;;;;;;330;1035;
331;1165;;;;;;;;;331;1372;;;;;;;;;331;1454;;;;;;;;;331;1454;;;;;;;;;331;1462;;;;;;;;;331;1265;;;;;;;;;331;1024;;;;;;;;;331;1079;
332;1154;;;;;;;;;332;1347;;;;;;;;;332;1434;;;;;;;;;332;1457;;;;;;;;;332;1385;;;;;;;;;332;1221;;;;;;;;;332;1070;;;;;;;;;332;1068;
333;1129;;;;;;;;;333;1310;;;;;;;;;333;1491;;;;;;;;;333;1447;;;;;;;;;333;1410;;;;;;;;;333;1170;;;;;;;;;333;1026;;;;;;;;;333;1106;
334;1168;;;;;;;;;334;1240;;;;;;;;;334;1410;;;;;;;;;334;1461;;;;;;;;;334;1359;;;;;;;;;334;1235;;;;;;;;;334;990;;;;;;;;;334;1090;
335;1178;;;;;;;;;335;1264;;;;;;;;;335;1464;;;;;;;;;335;1397;;;;;;;;;335;1345;;;;;;;;;335;1201;;;;;;;;;335;1099;;;;;;;;;335;1042;
336;1145;;;;;;;;;336;1370;;;;;;;;;336;1405;;;;;;;;;336;1456;;;;;;;;;336;1410;;;;;;;;;336;1164;;;;;;;;;336;1065;;;;;;;;;336;1076;
337;1129;;;;;;;;;337;1300;;;;;;;;;337;1359;;;;;;;;;337;1439;;;;;;;;;337;1381;;;;;;;;;337;1195;;;;;;;;;337;991;;;;;;;;;337;1060;
338;1087;;;;;;;;;338;1364;;;;;;;;;338;1412;;;;;;;;;338;1424;;;;;;;;;338;1342;;;;;;;;;338;1167;;;;;;;;;338;1052;;;;;;;;;338;1025;
339;1116;;;;;;;;;339;1284;;;;;;;;;339;1430;;;;;;;;;339;1394;;;;;;;;;339;1400;;;;;;;;;339;1200;;;;;;;;;339;990;;;;;;;;;339;1017;
340;1085;;;;;;;;;340;1282;;;;;;;;;340;1355;;;;;;;;;340;1438;;;;;;;;;340;1283;;;;;;;;;340;1228;;;;;;;;;340;1020;;;;;;;;;340;1040;
341;1106;;;;;;;;;341;1216;;;;;;;;;341;1331;;;;;;;;;341;1383;;;;;;;;;341;1297;;;;;;;;;341;1114;;;;;;;;;341;1042;;;;;;;;;341;1002;
342;1085;;;;;;;;;342;1247;;;;;;;;;342;1302;;;;;;;;;342;1384;;;;;;;;;342;1317;;;;;;;;;342;1109;;;;;;;;;342;1053;;;;;;;;;342;991;
343;1063;;;;;;;;;343;1273;;;;;;;;;343;1275;;;;;;;;;343;1342;;;;;;;;;343;1243;;;;;;;;;343;1103;;;;;;;;;343;981;;;;;;;;;343;941;
344;1095;;;;;;;;;344;1185;;;;;;;;;344;1313;;;;;;;;;344;1252;;;;;;;;;344;1224;;;;;;;;;344;1105;;;;;;;;;344;947;;;;;;;;;344;957;
345;1075;;;;;;;;;345;1251;;;;;;;;;345;1287;;;;;;;;;345;1229;;;;;;;;;345;1237;;;;;;;;;345;1068;;;;;;;;;345;993;;;;;;;;;345;941;
346;1071;;;;;;;;;346;1186;;;;;;;;;346;1319;;;;;;;;;346;1224;;;;;;;;;346;1192;;;;;;;;;346;1055;;;;;;;;;346;960;;;;;;;;;346;917;
347;1060;;;;;;;;;347;1126;;;;;;;;;347;1257;;;;;;;;;347;1250;;;;;;;;;347;1206;;;;;;;;;347;1008;;;;;;;;;347;940;;;;;;;;;347;952;
348;1012;;;;;;;;;348;1189;;;;;;;;;348;1180;;;;;;;;;348;1308;;;;;;;;;348;1263;;;;;;;;;348;1041;;;;;;;;;348;943;;;;;;;;;348;906;
349;1032;;;;;;;;;349;1154;;;;;;;;;349;1223;;;;;;;;;349;1276;;;;;;;;;349;1192;;;;;;;;;349;1040;;;;;;;;;349;955;;;;;;;;;349;927;
350;983;;;;;;;;;350;1208;;;;;;;;;350;1186;;;;;;;;;350;1240;;;;;;;;;350;1127;;;;;;;;;350;1034;;;;;;;;;350;939;;;;;;;;;350;928;
351;974;;;;;;;;;351;1120;;;;;;;;;351;1163;;;;;;;;;351;1210;;;;;;;;;351;1085;;;;;;;;;351;1041;;;;;;;;;351;882;;;;;;;;;351;902;
352;989;;;;;;;;;352;1150;;;;;;;;;352;1185;;;;;;;;;352;1200;;;;;;;;;352;1184;;;;;;;;;352;967;;;;;;;;;352;903;;;;;;;;;352;891;
353;925;;;;;;;;;353;1101;;;;;;;;;353;1201;;;;;;;;;353;1140;;;;;;;;;353;1078;;;;;;;;;353;1034;;;;;;;;;353;947;;;;;;;;;353;929;
354;933;;;;;;;;;354;1088;;;;;;;;;354;1158;;;;;;;;;354;1141;;;;;;;;;354;1118;;;;;;;;;354;986;;;;;;;;;354;833;;;;;;;;;354;880;
355;949;;;;;;;;;355;1012;;;;;;;;;355;1163;;;;;;;;;355;1104;;;;;;;;;355;1138;;;;;;;;;355;1027;;;;;;;;;355;871;;;;;;;;;355;902;
356;948;;;;;;;;;356;1093;;;;;;;;;356;1140;;;;;;;;;356;1210;;;;;;;;;356;1163;;;;;;;;;356;953;;;;;;;;;356;888;;;;;;;;;356;816;
357;902;;;;;;;;;357;1098;;;;;;;;;357;1153;;;;;;;;;357;1156;;;;;;;;;357;1100;;;;;;;;;357;919;;;;;;;;;357;876;;;;;;;;;357;825;
358;945;;;;;;;;;358;1079;;;;;;;;;358;1062;;;;;;;;;358;1123;;;;;;;;;358;1110;;;;;;;;;358;962;;;;;;;;;358;830;;;;;;;;;358;805;
359;910;;;;;;;;;359;1092;;;;;;;;;359;1168;;;;;;;;;359;1143;;;;;;;;;359;1035;;;;;;;;;359;899;;;;;;;;;359;837;;;;;;;;;359;801;
360;991;;;;;;;;;360;993;;;;;;;;;360;1144;;;;;;;;;360;1101;;;;;;;;;360;1028;;;;;;;;;360;945;;;;;;;;;360;808;;;;;;;;;360;850;
361;880;;;;;;;;;361;986;;;;;;;;;361;1019;;;;;;;;;361;1092;;;;;;;;;361;1049;;;;;;;;;361;888;;;;;;;;;361;820;;;;;;;;;361;837;
362;928;;;;;;;;;362;1031;;;;;;;;;362;1034;;;;;;;;;362;1155;;;;;;;;;362;1018;;;;;;;;;362;865;;;;;;;;;362;864;;;;;;;;;362;841;
363;864;;;;;;;;;363;1062;;;;;;;;;363;1075;;;;;;;;;363;1100;;;;;;;;;363;1006;;;;;;;;;363;930;;;;;;;;;363;855;;;;;;;;;363;820;
364;921;;;;;;;;;364;1040;;;;;;;;;364;1063;;;;;;;;;364;1042;;;;;;;;;364;1050;;;;;;;;;364;885;;;;;;;;;364;820;;;;;;;;;364;807;
365;875;;;;;;;;;365;1044;;;;;;;;;365;1091;;;;;;;;;365;1058;;;;;;;;;365;1030;;;;;;;;;365;913;;;;;;;;;365;801;;;;;;;;;365;743;
366;842;;;;;;;;;366;1042;;;;;;;;;366;1050;;;;;;;;;366;1055;;;;;;;;;366;1082;;;;;;;;;366;862;;;;;;;;;366;814;;;;;;;;;366;809;
367;899;;;;;;;;;367;1021;;;;;;;;;367;1011;;;;;;;;;367;1047;;;;;;;;;367;1014;;;;;;;;;367;917;;;;;;;;;367;787;;;;;;;;;367;728;
368;901;;;;;;;;;368;999;;;;;;;;;368;981;;;;;;;;;368;993;;;;;;;;;368;1007;;;;;;;;;368;913;;;;;;;;;368;778;;;;;;;;;368;803;
369;910;;;;;;;;;369;1027;;;;;;;;;369;1028;;;;;;;;;369;1009;;;;;;;;;369;1000;;;;;;;;;369;902;;;;;;;;;369;798;;;;;;;;;369;820;
370;833;;;;;;;;;370;977;;;;;;;;;370;989;;;;;;;;;370;1032;;;;;;;;;370;1009;;;;;;;;;370;834;;;;;;;;;370;796;;;;;;;;;370;819;
371;876;;;;;;;;;371;918;;;;;;;;;371;1052;;;;;;;;;371;970;;;;;;;;;371;943;;;;;;;;;371;796;;;;;;;;;371;829;;;;;;;;;371;763;
372;851;;;;;;;;;372;939;;;;;;;;;372;1009;;;;;;;;;372;1026;;;;;;;;;372;1032;;;;;;;;;372;875;;;;;;;;;372;784;;;;;;;;;372;831;
373;882;;;;;;;;;373;947;;;;;;;;;373;985;;;;;;;;;373;1046;;;;;;;;;373;999;;;;;;;;;373;862;;;;;;;;;373;778;;;;;;;;;373;790;
374;854;;;;;;;;;374;974;;;;;;;;;374;941;;;;;;;;;374;1020;;;;;;;;;374;965;;;;;;;;;374;883;;;;;;;;;374;782;;;;;;;;;374;798;
375;888;;;;;;;;;375;981;;;;;;;;;375;990;;;;;;;;;375;961;;;;;;;;;375;921;;;;;;;;;375;832;;;;;;;;;375;802;;;;;;;;;375;775;
376;825;;;;;;;;;376;923;;;;;;;;;376;947;;;;;;;;;376;958;;;;;;;;;376;876;;;;;;;;;376;877;;;;;;;;;376;715;;;;;;;;;376;738;
377;806;;;;;;;;;377;913;;;;;;;;;377;981;;;;;;;;;377;1036;;;;;;;;;377;898;;;;;;;;;377;811;;;;;;;;;377;769;;;;;;;;;377;750;
378;842;;;;;;;;;378;923;;;;;;;;;378;918;;;;;;;;;378;913;;;;;;;;;378;962;;;;;;;;;378;805;;;;;;;;;378;732;;;;;;;;;378;755;
379;835;;;;;;;;;379;920;;;;;;;;;379;926;;;;;;;;;379;1023;;;;;;;;;379;877;;;;;;;;;379;826;;;;;;;;;379;755;;;;;;;;;379;754;
380;809;;;;;;;;;380;901;;;;;;;;;380;927;;;;;;;;;380;937;;;;;;;;;380;894;;;;;;;;;380;810;;;;;;;;;380;727;;;;;;;;;380;734;
381;806;;;;;;;;;381;894;;;;;;;;;381;934;;;;;;;;;381;896;;;;;;;;;381;861;;;;;;;;;381;822;;;;;;;;;381;798;;;;;;;;;381;746;
382;784;;;;;;;;;382;865;;;;;;;;;382;894;;;;;;;;;382;954;;;;;;;;;382;916;;;;;;;;;382;785;;;;;;;;;382;730;;;;;;;;;382;743;
383;821;;;;;;;;;383;866;;;;;;;;;383;911;;;;;;;;;383;934;;;;;;;;;383;866;;;;;;;;;383;735;;;;;;;;;383;743;;;;;;;;;383;750;
384;760;;;;;;;;;384;905;;;;;;;;;384;880;;;;;;;;;384;892;;;;;;;;;384;835;;;;;;;;;384;797;;;;;;;;;384;725;;;;;;;;;384;697;
385;768;;;;;;;;;385;823;;;;;;;;;385;862;;;;;;;;;385;895;;;;;;;;;385;856;;;;;;;;;385;794;;;;;;;;;385;712;;;;;;;;;385;722;
386;755;;;;;;;;;386;843;;;;;;;;;386;923;;;;;;;;;386;863;;;;;;;;;386;825;;;;;;;;;386;768;;;;;;;;;386;692;;;;;;;;;386;708;
387;761;;;;;;;;;387;882;;;;;;;;;387;889;;;;;;;;;387;877;;;;;;;;;387;828;;;;;;;;;387;768;;;;;;;;;387;682;;;;;;;;;387;699;
388;745;;;;;;;;;388;817;;;;;;;;;388;936;;;;;;;;;388;838;;;;;;;;;388;848;;;;;;;;;388;760;;;;;;;;;388;702;;;;;;;;;388;693;
389;733;;;;;;;;;389;805;;;;;;;;;389;850;;;;;;;;;389;886;;;;;;;;;389;832;;;;;;;;;389;738;;;;;;;;;389;702;;;;;;;;;389;681;
390;765;;;;;;;;;390;864;;;;;;;;;390;811;;;;;;;;;390;857;;;;;;;;;390;841;;;;;;;;;390;776;;;;;;;;;390;693;;;;;;;;;390;658;
391;727;;;;;;;;;391;852;;;;;;;;;391;873;;;;;;;;;391;898;;;;;;;;;391;825;;;;;;;;;391;728;;;;;;;;;391;693;;;;;;;;;391;700;
392;761;;;;;;;;;392;821;;;;;;;;;392;863;;;;;;;;;392;810;;;;;;;;;392;771;;;;;;;;;392;719;;;;;;;;;392;642;;;;;;;;;392;688;
393;737;;;;;;;;;393;856;;;;;;;;;393;836;;;;;;;;;393;845;;;;;;;;;393;801;;;;;;;;;393;738;;;;;;;;;393;665;;;;;;;;;393;783;
394;719;;;;;;;;;394;828;;;;;;;;;394;805;;;;;;;;;394;834;;;;;;;;;394;801;;;;;;;;;394;706;;;;;;;;;394;694;;;;;;;;;394;670;
395;700;;;;;;;;;395;808;;;;;;;;;395;800;;;;;;;;;395;801;;;;;;;;;395;726;;;;;;;;;395;687;;;;;;;;;395;635;;;;;;;;;395;654;
396;687;;;;;;;;;396;780;;;;;;;;;396;817;;;;;;;;;396;754;;;;;;;;;396;807;;;;;;;;;396;700;;;;;;;;;396;637;;;;;;;;;396;621;
397;706;;;;;;;;;397;808;;;;;;;;;397;758;;;;;;;;;397;817;;;;;;;;;397;777;;;;;;;;;397;695;;;;;;;;;397;680;;;;;;;;;397;615;
398;714;;;;;;;;;398;774;;;;;;;;;398;789;;;;;;;;;398;802;;;;;;;;;398;791;;;;;;;;;398;727;;;;;;;;;398;639;;;;;;;;;398;653;
399;722;;;;;;;;;399;755;;;;;;;;;399;759;;;;;;;;;399;762;;;;;;;;;399;769;;;;;;;;;399;660;;;;;;;;;399;630;;;;;;;;;399;624;
400;665;;;;;;;;;400;752;;;;;;;;;400;805;;;;;;;;;400;794;;;;;;;;;400;775;;;;;;;;;400;716;;;;;;;;;400;647;;;;;;;;;400;640;
401;698;;;;;;;;;401;731;;;;;;;;;401;751;;;;;;;;;401;750;;;;;;;;;401;722;;;;;;;;;401;672;;;;;;;;;401;662;;;;;;;;;401;632;
402;696;;;;;;;;;402;754;;;;;;;;;402;762;;;;;;;;;402;706;;;;;;;;;402;768;;;;;;;;;402;682;;;;;;;;;402;647;;;;;;;;;402;624;
403;694;;;;;;;;;403;721;;;;;;;;;403;742;;;;;;;;;403;728;;;;;;;;;403;724;;;;;;;;;403;679;;;;;;;;;403;660;;;;;;;;;403;654;
404;693;;;;;;;;;404;699;;;;;;;;;404;756;;;;;;;;;404;673;;;;;;;;;404;742;;;;;;;;;404;683;;;;;;;;;404;643;;;;;;;;;404;629;
405;642;;;;;;;;;405;718;;;;;;;;;405;705;;;;;;;;;405;736;;;;;;;;;405;713;;;;;;;;;405;628;;;;;;;;;405;636;;;;;;;;;405;653;
406;603;;;;;;;;;406;697;;;;;;;;;406;720;;;;;;;;;406;759;;;;;;;;;406;685;;;;;;;;;406;647;;;;;;;;;406;635;;;;;;;;;406;608;
407;603;;;;;;;;;407;733;;;;;;;;;407;737;;;;;;;;;407;697;;;;;;;;;407;717;;;;;;;;;407;646;;;;;;;;;407;608;;;;;;;;;407;602;
408;648;;;;;;;;;408;707;;;;;;;;;408;723;;;;;;;;;408;713;;;;;;;;;408;678;;;;;;;;;408;623;;;;;;;;;408;625;;;;;;;;;408;614;
409;628;;;;;;;;;409;701;;;;;;;;;409;651;;;;;;;;;409;725;;;;;;;;;409;675;;;;;;;;;409;602;;;;;;;;;409;605;;;;;;;;;409;617;
410;662;;;;;;;;;410;657;;;;;;;;;410;716;;;;;;;;;410;719;;;;;;;;;410;713;;;;;;;;;410;632;;;;;;;;;410;565;;;;;;;;;410;546;
411;595;;;;;;;;;411;667;;;;;;;;;411;707;;;;;;;;;411;664;;;;;;;;;411;660;;;;;;;;;411;625;;;;;;;;;411;575;;;;;;;;;411;576;
412;566;;;;;;;;;412;635;;;;;;;;;412;663;;;;;;;;;412;712;;;;;;;;;412;644;;;;;;;;;412;609;;;;;;;;;412;593;;;;;;;;;412;572;
413;585;;;;;;;;;413;636;;;;;;;;;413;707;;;;;;;;;413;674;;;;;;;;;413;603;;;;;;;;;413;584;;;;;;;;;413;620;;;;;;;;;413;589;
414;579;;;;;;;;;414;607;;;;;;;;;414;649;;;;;;;;;414;651;;;;;;;;;414;658;;;;;;;;;414;564;;;;;;;;;414;596;;;;;;;;;414;566;
415;571;;;;;;;;;415;611;;;;;;;;;415;658;;;;;;;;;415;645;;;;;;;;;415;626;;;;;;;;;415;586;;;;;;;;;415;561;;;;;;;;;415;585;
416;539;;;;;;;;;416;686;;;;;;;;;416;661;;;;;;;;;416;658;;;;;;;;;416;604;;;;;;;;;416;565;;;;;;;;;416;557;;;;;;;;;416;517;
417;567;;;;;;;;;417;611;;;;;;;;;417;631;;;;;;;;;417;644;;;;;;;;;417;640;;;;;;;;;417;591;;;;;;;;;417;521;;;;;;;;;417;536;
418;576;;;;;;;;;418;607;;;;;;;;;418;623;;;;;;;;;418;640;;;;;;;;;418;634;;;;;;;;;418;573;;;;;;;;;418;548;;;;;;;;;418;585;
419;488;;;;;;;;;419;555;;;;;;;;;419;625;;;;;;;;;419;550;;;;;;;;;419;551;;;;;;;;;419;550;;;;;;;;;419;518;;;;;;;;;419;549;
420;534;;;;;;;;;420;574;;;;;;;;;420;600;;;;;;;;;420;617;;;;;;;;;420;536;;;;;;;;;420;586;;;;;;;;;420;514;;;;;;;;;420;521;
421;521;;;;;;;;;421;599;;;;;;;;;421;638;;;;;;;;;421;582;;;;;;;;;421;548;;;;;;;;;421;541;;;;;;;;;421;496;;;;;;;;;421;546;
422;515;;;;;;;;;422;582;;;;;;;;;422;560;;;;;;;;;422;669;;;;;;;;;422;579;;;;;;;;;422;562;;;;;;;;;422;494;;;;;;;;;422;498;
423;561;;;;;;;;;423;599;;;;;;;;;423;572;;;;;;;;;423;577;;;;;;;;;423;534;;;;;;;;;423;527;;;;;;;;;423;471;;;;;;;;;423;486;
424;532;;;;;;;;;424;591;;;;;;;;;424;555;;;;;;;;;424;563;;;;;;;;;424;518;;;;;;;;;424;523;;;;;;;;;424;503;;;;;;;;;424;533;
425;515;;;;;;;;;425;574;;;;;;;;;425;546;;;;;;;;;425;539;;;;;;;;;425;570;;;;;;;;;425;485;;;;;;;;;425;502;;;;;;;;;425;463;
426;475;;;;;;;;;426;564;;;;;;;;;426;576;;;;;;;;;426;508;;;;;;;;;426;495;;;;;;;;;426;449;;;;;;;;;426;481;;;;;;;;;426;456;
427;522;;;;;;;;;427;521;;;;;;;;;427;574;;;;;;;;;427;543;;;;;;;;;427;486;;;;;;;;;427;479;;;;;;;;;427;462;;;;;;;;;427;441;
428;453;;;;;;;;;428;549;;;;;;;;;428;533;;;;;;;;;428;564;;;;;;;;;428;472;;;;;;;;;428;495;;;;;;;;;428;432;;;;;;;;;428;491;
429;468;;;;;;;;;429;519;;;;;;;;;429;539;;;;;;;;;429;525;;;;;;;;;429;527;;;;;;;;;429;492;;;;;;;;;429;438;;;;;;;;;429;492;
430;457;;;;;;;;;430;469;;;;;;;;;430;506;;;;;;;;;430;527;;;;;;;;;430;497;;;;;;;;;430;469;;;;;;;;;430;425;;;;;;;;;430;462;
431;486;;;;;;;;;431;481;;;;;;;;;431;482;;;;;;;;;431;519;;;;;;;;;431;476;;;;;;;;;431;462;;;;;;;;;431;387;;;;;;;;;431;430;
432;440;;;;;;;;;432;518;;;;;;;;;432;512;;;;;;;;;432;485;;;;;;;;;432;480;;;;;;;;;432;446;;;;;;;;;432;454;;;;;;;;;432;469;
433;427;;;;;;;;;433;498;;;;;;;;;433;501;;;;;;;;;433;493;;;;;;;;;433;495;;;;;;;;;433;480;;;;;;;;;433;439;;;;;;;;;433;420;
434;426;;;;;;;;;434;508;;;;;;;;;434;459;;;;;;;;;434;469;;;;;;;;;434;435;;;;;;;;;434;430;;;;;;;;;434;400;;;;;;;;;434;421;
435;436;;;;;;;;;435;455;;;;;;;;;435;470;;;;;;;;;435;489;;;;;;;;;435;459;;;;;;;;;435;409;;;;;;;;;435;432;;;;;;;;;435;398;
436;397;;;;;;;;;436;475;;;;;;;;;436;466;;;;;;;;;436;448;;;;;;;;;436;485;;;;;;;;;436;448;;;;;;;;;436;392;;;;;;;;;436;404;
437;460;;;;;;;;;437;446;;;;;;;;;437;477;;;;;;;;;437;461;;;;;;;;;437;440;;;;;;;;;437;430;;;;;;;;;437;379;;;;;;;;;437;420;
438;418;;;;;;;;;438;452;;;;;;;;;438;471;;;;;;;;;438;479;;;;;;;;;438;449;;;;;;;;;438;391;;;;;;;;;438;453;;;;;;;;;438;383;
439;414;;;;;;;;;439;453;;;;;;;;;439;474;;;;;;;;;439;457;;;;;;;;;439;412;;;;;;;;;439;400;;;;;;;;;439;428;;;;;;;;;439;360;
440;404;;;;;;;;;440;459;;;;;;;;;440;414;;;;;;;;;440;458;;;;;;;;;440;441;;;;;;;;;440;418;;;;;;;;;440;366;;;;;;;;;440;405;
441;399;;;;;;;;;441;427;;;;;;;;;441;419;;;;;;;;;441;415;;;;;;;;;441;397;;;;;;;;;441;382;;;;;;;;;441;392;;;;;;;;;441;383;
442;378;;;;;;;;;442;392;;;;;;;;;442;453;;;;;;;;;442;433;;;;;;;;;442;444;;;;;;;;;442;370;;;;;;;;;442;335;;;;;;;;;442;378;
443;399;;;;;;;;;443;430;;;;;;;;;443;401;;;;;;;;;443;428;;;;;;;;;443;388;;;;;;;;;443;367;;;;;;;;;443;366;;;;;;;;;443;337;
444;361;;;;;;;;;444;401;;;;;;;;;444;390;;;;;;;;;444;411;;;;;;;;;444;372;;;;;;;;;444;342;;;;;;;;;444;391;;;;;;;;;444;377;
445;374;;;;;;;;;445;378;;;;;;;;;445;386;;;;;;;;;445;404;;;;;;;;;445;366;;;;;;;;;445;367;;;;;;;;;445;347;;;;;;;;;445;320;
446;379;;;;;;;;;446;368;;;;;;;;;446;388;;;;;;;;;446;399;;;;;;;;;446;370;;;;;;;;;446;344;;;;;;;;;446;336;;;;;;;;;446;344;
447;375;;;;;;;;;447;366;;;;;;;;;447;374;;;;;;;;;447;402;;;;;;;;;447;355;;;;;;;;;447;369;;;;;;;;;447;285;;;;;;;;;447;316;
448;338;;;;;;;;;448;384;;;;;;;;;448;356;;;;;;;;;448;370;;;;;;;;;448;358;;;;;;;;;448;310;;;;;;;;;448;327;;;;;;;;;448;340;
449;345;;;;;;;;;449;370;;;;;;;;;449;338;;;;;;;;;449;358;;;;;;;;;449;338;;;;;;;;;449;293;;;;;;;;;449;305;;;;;;;;;449;316;
450;321;;;;;;;;;450;319;;;;;;;;;450;354;;;;;;;;;450;336;;;;;;;;;450;349;;;;;;;;;450;318;;;;;;;;;450;303;;;;;;;;;450;335;
451;341;;;;;;;;;451;338;;;;;;;;;451;342;;;;;;;;;451;310;;;;;;;;;451;321;;;;;;;;;451;339;;;;;;;;;451;291;;;;;;;;;451;318;
452;313;;;;;;;;;452;343;;;;;;;;;452;304;;;;;;;;;452;332;;;;;;;;;452;298;;;;;;;;;452;294;;;;;;;;;452;293;;;;;;;;;452;300;
453;302;;;;;;;;;453;320;;;;;;;;;453;333;;;;;;;;;453;343;;;;;;;;;453;325;;;;;;;;;453;311;;;;;;;;;453;282;;;;;;;;;453;292;
454;306;;;;;;;;;454;293;;;;;;;;;454;278;;;;;;;;;454;295;;;;;;;;;454;349;;;;;;;;;454;256;;;;;;;;;454;290;;;;;;;;;454;283;
455;262;;;;;;;;;455;289;;;;;;;;;455;326;;;;;;;;;455;310;;;;;;;;;455;298;;;;;;;;;455;308;;;;;;;;;455;285;;;;;;;;;455;245;
456;245;;;;;;;;;456;306;;;;;;;;;456;317;;;;;;;;;456;307;;;;;;;;;456;275;;;;;;;;;456;276;;;;;;;;;456;257;;;;;;;;;456;294;
457;271;;;;;;;;;457;295;;;;;;;;;457;271;;;;;;;;;457;278;;;;;;;;;457;302;;;;;;;;;457;293;;;;;;;;;457;255;;;;;;;;;457;265;
458;255;;;;;;;;;458;255;;;;;;;;;458;259;;;;;;;;;458;272;;;;;;;;;458;273;;;;;;;;;458;260;;;;;;;;;458;268;;;;;;;;;458;257;
459;240;;;;;;;;;459;270;;;;;;;;;459;258;;;;;;;;;459;267;;;;;;;;;459;258;;;;;;;;;459;247;;;;;;;;;459;220;;;;;;;;;459;242;
460;252;;;;;;;;;460;259;;;;;;;;;460;242;;;;;;;;;460;231;;;;;;;;;460;250;;;;;;;;;460;223;;;;;;;;;460;219;;;;;;;;;460;243;
461;225;;;;;;;;;461;242;;;;;;;;;461;247;;;;;;;;;461;243;;;;;;;;;461;237;;;;;;;;;461;233;;;;;;;;;461;214;;;;;;;;;461;221;
462;212;;;;;;;;;462;272;;;;;;;;;462;212;;;;;;;;;462;230;;;;;;;;;462;240;;;;;;;;;462;204;;;;;;;;;462;215;;;;;;;;;462;201;
463;215;;;;;;;;;463;193;;;;;;;;;463;235;;;;;;;;;463;222;;;;;;;;;463;237;;;;;;;;;463;198;;;;;;;;;463;199;;;;;;;;;463;204;
464;195;;;;;;;;;464;229;;;;;;;;;464;216;;;;;;;;;464;191;;;;;;;;;464;193;;;;;;;;;464;193;;;;;;;;;464;185;;;;;;;;;464;204;
465;218;;;;;;;;;465;212;;;;;;;;;465;200;;;;;;;;;465;197;;;;;;;;;465;198;;;;;;;;;465;195;;;;;;;;;465;196;;;;;;;;;465;189;
466;164;;;;;;;;;466;208;;;;;;;;;466;192;;;;;;;;;466;173;;;;;;;;;466;182;;;;;;;;;466;172;;;;;;;;;466;156;;;;;;;;;466;166;
467;191;;;;;;;;;467;158;;;;;;;;;467;186;;;;;;;;;467;192;;;;;;;;;467;188;;;;;;;;;467;188;;;;;;;;;467;157;;;;;;;;;467;165;
468;137;;;;;;;;;468;196;;;;;;;;;468;172;;;;;;;;;468;155;;;;;;;;;468;177;;;;;;;;;468;156;;;;;;;;;468;156;;;;;;;;;468;147;
469;161;;;;;;;;;469;171;;;;;;;;;469;163;;;;;;;;;469;147;;;;;;;;;469;165;;;;;;;;;469;150;;;;;;;;;469;144;;;;;;;;;469;163;
470;136;;;;;;;;;470;145;;;;;;;;;470;150;;;;;;;;;470;129;;;;;;;;;470;125;;;;;;;;;470;123;;;;;;;;;470;138;;;;;;;;;470;122;
471;131;;;;;;;;;471;131;;;;;;;;;471;164;;;;;;;;;471;121;;;;;;;;;471;136;;;;;;;;;471;113;;;;;;;;;471;119;;;;;;;;;471;113;
472;108;;;;;;;;;472;130;;;;;;;;;472;123;;;;;;;;;472;125;;;;;;;;;472;111;;;;;;;;;472;103;;;;;;;;;472;109;;;;;;;;;472;115;
473;115;;;;;;;;;473;110;;;;;;;;;473;105;;;;;;;;;473;100;;;;;;;;;473;107;;;;;;;;;473;111;;;;;;;;;473;103;;;;;;;;;473;110;
474;93;;;;;;;;;474;98;;;;;;;;;474;112;;;;;;;;;474;105;;;;;;;;;474;101;;;;;;;;;474;101;;;;;;;;;474;79;;;;;;;;;474;92;
475;94;;;;;;;;;475;95;;;;;;;;;475;107;;;;;;;;;475;84;;;;;;;;;475;79;;;;;;;;;475;87;;;;;;;;;475;90;;;;;;;;;475;85;
476;61;;;;;;;;;476;86;;;;;;;;;476;74;;;;;;;;;476;72;;;;;;;;;476;76;;;;;;;;;476;76;;;;;;;;;476;74;;;;;;;;;476;73;
477;55;;;;;;;;;477;71;;;;;;;;;477;66;;;;;;;;;477;78;;;;;;;;;477;72;;;;;;;;;477;76;;;;;;;;;477;61;;;;;;;;;477;60;
478;53;;;;;;;;;478;70;;;;;;;;;478;73;;;;;;;;;478;72;;;;;;;;;478;44;;;;;;;;;478;62;;;;;;;;;478;53;;;;;;;;;478;52;
479;53;;;;;;;;;479;59;;;;;;;;;479;62;;;;;;;;;479;59;;;;;;;;;479;51;;;;;;;;;479;60;;;;;;;;;479;48;;;;;;;;;479;40;
480;45;;;;;;;;;480;39;;;;;;;;;480;47;;;;;;;;;480;49;;;;;;;;;480;41;;;;;;;;;480;45;;;;;;;;;480;33;;;;;;;;;480;40;
481;48;;;;;;;;;481;31;;;;;;;;;481;35;;;;;;;;;481;32;;;;;;;;;481;32;;;;;;;;;481;31;;;;;;;;;481;24;;;;;;;;;481;27;
482;26;;;;;;;;;482;30;;;;;;;;;482;29;;;;;;;;;482;30;;;;;;;;;482;25;;;;;;;;;482;25;;;;;;;;;482;23;;;;;;;;;482;29;
483;19;;;;;;;;;483;20;;;;;;;;;483;32;;;;;;;;;483;26;;;;;;;;;483;23;;;;;;;;;483;22;;;;;;;;;483;19;;;;;;;;;483;16;
484;18;;;;;;;;;484;20;;;;;;;;;484;21;;;;;;;;;484;24;;;;;;;;;484;13;;;;;;;;;484;19;;;;;;;;;484;16;;;;;;;;;484;10;
485;12;;;;;;;;;485;19;;;;;;;;;485;18;;;;;;;;;485;15;;;;;;;;;485;21;;;;;;;;;485;7;;;;;;;;;485;13;;;;;;;;;485;11;
486;12;;;;;;;;;486;13;;;;;;;;;486;11;;;;;;;;;486;10;;;;;;;;;486;6;;;;;;;;;486;15;;;;;;;;;486;8;;;;;;;;;486;6;
487;8;;;;;;;;;487;11;;;;;;;;;487;6;;;;;;;;;487;10;;;;;;;;;487;14;;;;;;;;;487;5;;;;;;;;;487;13;;;;;;;;;487;11;
488;9;;;;;;;;;488;13;;;;;;;;;488;6;;;;;;;;;488;7;;;;;;;;;488;9;;;;;;;;;488;4;;;;;;;;;488;7;;;;;;;;;488;7;
489;6;;;;;;;;;489;11;;;;;;;;;489;12;;;;;;;;;489;5;;;;;;;;;489;9;;;;;;;;;489;12;;;;;;;;;489;2;;;;;;;;;489;7;
490;6;;;;;;;;;490;12;;;;;;;;;490;11;;;;;;;;;490;4;;;;;;;;;490;11;;;;;;;;;490;4;;;;;;;;;490;3;;;;;;;;;490;10;
491;9;;;;;;;;;491;6;;;;;;;;;491;12;;;;;;;;;491;11;;;;;;;;;491;8;;;;;;;;;491;3;;;;;;;;;491;5;;;;;;;;;491;5;
492;7;;;;;;;;;492;3;;;;;;;;;492;5;;;;;;;;;492;7;;;;;;;;;492;8;;;;;;;;;492;11;;;;;;;;;492;4;;;;;;;;;492;9;
493;3;;;;;;;;;493;8;;;;;;;;;493;13;;;;;;;;;493;6;;;;;;;;;493;6;;;;;;;;;493;9;;;;;;;;;493;5;;;;;;;;;493;6;
494;6;;;;;;;;;494;4;;;;;;;;;494;10;;;;;;;;;494;12;;;;;;;;;494;7;;;;;;;;;494;10;;;;;;;;;494;5;;;;;;;;;494;8;
495;8;;;;;;;;;495;12;;;;;;;;;495;7;;;;;;;;;495;11;;;;;;;;;495;8;;;;;;;;;495;7;;;;;;;;;495;4;;;;;;;;;495;3;
496;5;;;;;;;;;496;8;;;;;;;;;496;9;;;;;;;;;496;5;;;;;;;;;496;9;;;;;;;;;496;9;;;;;;;;;496;10;;;;;;;;;496;9;
497;12;;;;;;;;;497;11;;;;;;;;;497;8;;;;;;;;;497;8;;;;;;;;;497;9;;;;;;;;;497;12;;;;;;;;;497;5;;;;;;;;;497;5;
498;6;;;;;;;;;498;7;;;;;;;;;498;10;;;;;;;;;498;7;;;;;;;;;498;14;;;;;;;;;498;2;;;;;;;;;498;7;;;;;;;;;498;6;
499;6;;;;;;;;;499;5;;;;;;;;;499;10;;;;;;;;;499;10;;;;;;;;;499;4;;;;;;;;;499;10;;;;;;;;;499;7;;;;;;;;;499;9;
500;1;;;;;;;;;500;9;;;;;;;;;500;11;;;;;;;;;500;6;;;;;;;;;500;6;;;;;;;;;500;8;;;;;;;;;500;4;;;;;;;;;500;3;
501;3;;;;;;;;;501;8;;;;;;;;;501;9;;;;;;;;;501;8;;;;;;;;;501;9;;;;;;;;;501;13;;;;;;;;;501;5;;;;;;;;;501;8;
502;6;;;;;;;;;502;5;;;;;;;;;502;10;;;;;;;;;502;4;;;;;;;;;502;9;;;;;;;;;502;7;;;;;;;;;502;8;;;;;;;;;502;6;
503;7;;;;;;;;;503;11;;;;;;;;;503;4;;;;;;;;;503;10;;;;;;;;;503;2;;;;;;;;;503;5;;;;;;;;;503;5;;;;;;;;;503;6;
504;9;;;;;;;;;504;5;;;;;;;;;504;10;;;;;;;;;504;11;;;;;;;;;504;7;;;;;;;;;504;5;;;;;;;;;504;6;;;;;;;;;504;13;
505;7;;;;;;;;;505;9;;;;;;;;;505;7;;;;;;;;;505;6;;;;;;;;;505;10;;;;;;;;;505;3;;;;;;;;;505;10;;;;;;;;;505;8;
506;5;;;;;;;;;506;9;;;;;;;;;506;9;;;;;;;;;506;11;;;;;;;;;506;8;;;;;;;;;506;8;;;;;;;;;506;7;;;;;;;;;506;11;
507;6;;;;;;;;;507;3;;;;;;;;;507;4;;;;;;;;;507;12;;;;;;;;;507;9;;;;;;;;;507;5;;;;;;;;;507;6;;;;;;;;;507;10;
508;10;;;;;;;;;508;7;;;;;;;;;508;9;;;;;;;;;508;5;;;;;;;;;508;6;;;;;;;;;508;4;;;;;;;;;508;2;;;;;;;;;508;3;
509;8;;;;;;;;;509;13;;;;;;;;;509;7;;;;;;;;;509;8;;;;;;;;;509;7;;;;;;;;;509;5;;;;;;;;;509;8;;;;;;;;;509;11;
510;9;;;;;;;;;510;8;;;;;;;;;510;5;;;;;;;;;510;6;;;;;;;;;510;6;;;;;;;;;510;5;;;;;;;;;510;4;;;;;;;;;510;4;
511;9;;;;;;;;;511;8;;;;;;;;;511;13;;;;;;;;;511;11;;;;;;;;;511;2;;;;;;;;;511;6;;;;;;;;;511;8;;;;;;;;;511;8;
