Filename:  C:\Users\bier\Desktop\testzeug\step1_2_100kv10w60s.mca;;;;;;Filename:  C:\Users\bier\Desktop\testzeug\step_2.1428_100kv10w60s.mca;;;;;;Filename:  C:\Users\bier\Desktop\spectra_few_channel\visimapzentral100kv10w60s_few_channel\step_2.2856_100kv10w60s.mca;;;;;;;;;;;Filename:  C:\Users\bier\Desktop\spectra_few_channel\visimapzentral100kv10w60s_few_channel\step_2.4283_100kv10w60s.mca;;;;;;;;;;;Filename:  C:\Users\bier\Desktop\spectra_few_channel\visimapzentral100kv10w60s_few_channel\step_2.5711_100kv10w60s.mca;;;;;;;;;;;Filename:  C:\Users\bier\Desktop\spectra_few_channel\visimapzentral100kv10w60s_few_channel\step_2.7138_100kv10w60s.mca;;;;;;;;;;;Filename:  C:\Users\bier\Desktop\spectra_few_channel\visimapzentral100kv10w60s_few_channel\step_2.8567_100kv10w60s.mca;;;;;;;;;;;Filename:  C:\Users\bier\Desktop\spectra_few_channel\visimapzentral100kv10w60s_few_channel\step_2.9994_100kv10w60s.mca;;
Description:  ;;;;;;Description:  ;;;;;;Description:  ;;;;;;;;;;;Description:  ;;;;;;;;;;;Description:  ;;;;;;;;;;;Description:  ;;;;;;;;;;;Description:  ;;;;;;;;;;;Description:  ;;
TimeStamp:  06/03/2015 17:37:09;;;;;;TimeStamp:  06/03/2015 17:40:06;;;;;;TimeStamp:  06/03/2015 17:42:40;;;;;;;;;;;TimeStamp:  06/03/2015 17:44:26;;;;;;;;;;;TimeStamp:  06/03/2015 17:46:12;;;;;;;;;;;TimeStamp:  06/03/2015 17:49:08;;;;;;;;;;;TimeStamp:  06/03/2015 17:53:05;;;;;;;;;;;TimeStamp:  06/03/2015 17:56:43;;
;;;;;;;;;;;;;;;;;;;;;;;;;;;;;;;;;;;;;;;;;;;;;;;;;;;;;;;;;;;;;;;;;;;;;
Calibration Information;;;;;;Calibration Information;;;;;;Calibration Information;;;;;;;;;;;Calibration Information;;;;;;;;;;;Calibration Information;;;;;;;;;;;Calibration Information;;;;;;;;;;;Calibration Information;;;;;;;;;;;Calibration Information;;
Label:  Channel;;;;;;Label:  Channel;;;;;;Label:  Channel;;;;;;;;;;;Label:  Channel;;;;;;;;;;;Label:  Channel;;;;;;;;;;;Label:  Channel;;;;;;;;;;;Label:  Channel;;;;;;;;;;;Label:  Channel;;
Channel;Value;;;;;Channel;Value;;;;;Channel;Value;;;;;;;;;;Channel;Value;;;;;;;;;;Channel;Value;;;;;;;;;;Channel;Value;;;;;;;;;;Channel;Value;;;;;;;;;;Channel;Value;
296;58.5;;;;;296;58.5;;;;;296;58.5;;;;;;;;;;296;58.5;;;;;;;;;;296;58.5;;;;;;;;;;296;58.5;;;;;;;;;;296;58.5;;;;;;;;;;296;58.5;
337;67.24;;;;;337;67.24;;;;;337;67.24;;;;;;;;;;337;67.24;;;;;;;;;;337;67.24;;;;;;;;;;337;67.24;;;;;;;;;;337;67.24;;;;;;;;;;337;67.24;
A;B;C;;;;A;B;C;;;;A;B;C;;;;;;;;;A;B;C;;;;;;;;;A;B;C;;;;;;;;;A;B;C;;;;;;;;;A;B;C;;;;;;;;;A;B;C
-459.854;0.213171;0;;;;-459.854;0.213171;0;;;;-459.854;0.213171;0;;;;;;;;;-459.854;0.213171;0;;;;;;;;;-459.854;0.213171;0;;;;;;;;;-459.854;0.213171;0;;;;;;;;;-459.854;0.213171;0;;;;;;;;;-459.854;0.213171;0
;;;;;;;;;;;;;;;;;;;;;;;;;;;;;;;;;;;;;;;;;;;;;;;;;;;;;;;;;;;;;;;;;;;;;
Spectral Data Information;Data;;;;;Spectral Data Information;Data;;;;;Spectral Data Information;;;;;;;;;;;Spectral Data Information;;;;;;;;;;;Spectral Data Information;;;;;;;;;;;Spectral Data Information;;;;;;;;;;;Spectral Data Information;;;;;;;;;;;Spectral Data Information;;
Channel;0;;;;;Channel;0;;;;;Channel;Data;;;;;;;;;;Channel;Data;;;;;;;;;;Channel;Data;;;;;;;;;;Channel;Data;;;;;;;;;;Channel;Data;;;;;;;;;;Channel;Data;
0;0;;;;;0;0;;;;;0;0;;;;;;;;;;0;0;;;;;;;;;;0;0;;;;;;;;;;0;0;;;;;;;;;;0;0;;;;;;;;;;0;0;
1;0;;;;;1;0;;;;;1;0;;;;;;;;;;1;0;;;;;;;;;;1;0;;;;;;;;;;1;0;;;;;;;;;;1;0;;;;;;;;;;1;0;
2;0;;;;;2;0;;;;;2;0;;;;;;;;;;2;0;;;;;;;;;;2;0;;;;;;;;;;2;0;;;;;;;;;;2;0;;;;;;;;;;2;0;
3;0;;;;;3;0;;;;;3;0;;;;;;;;;;3;0;;;;;;;;;;3;0;;;;;;;;;;3;0;;;;;;;;;;3;0;;;;;;;;;;3;0;
4;0;;;;;4;0;;;;;4;0;;;;;;;;;;4;0;;;;;;;;;;4;0;;;;;;;;;;4;0;;;;;;;;;;4;0;;;;;;;;;;4;0;
5;0;;;;;5;0;;;;;5;0;;;;;;;;;;5;0;;;;;;;;;;5;0;;;;;;;;;;5;0;;;;;;;;;;5;0;;;;;;;;;;5;0;
6;0;;;;;6;0;;;;;6;0;;;;;;;;;;6;0;;;;;;;;;;6;0;;;;;;;;;;6;0;;;;;;;;;;6;0;;;;;;;;;;6;0;
7;0;;;;;7;0;;;;;7;0;;;;;;;;;;7;0;;;;;;;;;;7;0;;;;;;;;;;7;0;;;;;;;;;;7;0;;;;;;;;;;7;0;
8;0;;;;;8;0;;;;;8;0;;;;;;;;;;8;0;;;;;;;;;;8;0;;;;;;;;;;8;0;;;;;;;;;;8;0;;;;;;;;;;8;0;
9;0;;;;;9;0;;;;;9;0;;;;;;;;;;9;0;;;;;;;;;;9;0;;;;;;;;;;9;0;;;;;;;;;;9;0;;;;;;;;;;9;0;
10;0;;;;;10;0;;;;;10;0;;;;;;;;;;10;0;;;;;;;;;;10;0;;;;;;;;;;10;0;;;;;;;;;;10;0;;;;;;;;;;10;0;
11;0;;;;;11;0;;;;;11;0;;;;;;;;;;11;0;;;;;;;;;;11;0;;;;;;;;;;11;0;;;;;;;;;;11;0;;;;;;;;;;11;0;
12;0;;;;;12;0;;;;;12;0;;;;;;;;;;12;0;;;;;;;;;;12;0;;;;;;;;;;12;0;;;;;;;;;;12;0;;;;;;;;;;12;0;
13;0;;;;;13;0;;;;;13;0;;;;;;;;;;13;0;;;;;;;;;;13;0;;;;;;;;;;13;0;;;;;;;;;;13;0;;;;;;;;;;13;0;
14;0;;;;;14;0;;;;;14;0;;;;;;;;;;14;0;;;;;;;;;;14;0;;;;;;;;;;14;0;;;;;;;;;;14;0;;;;;;;;;;14;0;
15;0;;;;;15;0;;;;;15;0;;;;;;;;;;15;0;;;;;;;;;;15;0;;;;;;;;;;15;0;;;;;;;;;;15;0;;;;;;;;;;15;0;
16;0;;;;;16;0;;;;;16;0;;;;;;;;;;16;0;;;;;;;;;;16;0;;;;;;;;;;16;0;;;;;;;;;;16;0;;;;;;;;;;16;0;
17;0;;;;;17;0;;;;;17;0;;;;;;;;;;17;0;;;;;;;;;;17;0;;;;;;;;;;17;0;;;;;;;;;;17;0;;;;;;;;;;17;0;
18;0;;;;;18;0;;;;;18;0;;;;;;;;;;18;0;;;;;;;;;;18;0;;;;;;;;;;18;0;;;;;;;;;;18;0;;;;;;;;;;18;0;
19;0;;;;;19;0;;;;;19;0;;;;;;;;;;19;0;;;;;;;;;;19;0;;;;;;;;;;19;0;;;;;;;;;;19;0;;;;;;;;;;19;0;
20;0;;;;;20;0;;;;;20;0;;;;;;;;;;20;0;;;;;;;;;;20;0;;;;;;;;;;20;0;;;;;;;;;;20;0;;;;;;;;;;20;0;
21;0;;;;;21;0;;;;;21;0;;;;;;;;;;21;0;;;;;;;;;;21;0;;;;;;;;;;21;0;;;;;;;;;;21;0;;;;;;;;;;21;0;
22;0;;;;;22;0;;;;;22;0;;;;;;;;;;22;0;;;;;;;;;;22;0;;;;;;;;;;22;0;;;;;;;;;;22;0;;;;;;;;;;22;0;
23;493;;;;;23;604;;;;;23;0;;;;;;;;;;23;0;;;;;;;;;;23;0;;;;;;;;;;23;0;;;;;;;;;;23;0;;;;;;;;;;23;0;
24;577;;;;;24;795;;;;;24;651;;;;;;;;;;24;665;;;;;;;;;;24;624;;;;;;;;;;24;520;;;;;;;;;;24;461;;;;;;;;;;24;449;
25;714;;;;;25;856;;;;;25;854;;;;;;;;;;25;857;;;;;;;;;;25;803;;;;;;;;;;25;618;;;;;;;;;;25;583;;;;;;;;;;25;557;
26;676;;;;;26;924;;;;;26;908;;;;;;;;;;26;941;;;;;;;;;;26;785;;;;;;;;;;26;712;;;;;;;;;;26;612;;;;;;;;;;26;607;
27;755;;;;;27;958;;;;;27;1016;;;;;;;;;;27;1013;;;;;;;;;;27;925;;;;;;;;;;27;806;;;;;;;;;;27;655;;;;;;;;;;27;643;
28;789;;;;;28;954;;;;;28;1089;;;;;;;;;;28;1083;;;;;;;;;;28;985;;;;;;;;;;28;787;;;;;;;;;;28;670;;;;;;;;;;28;655;
29;799;;;;;29;953;;;;;29;1156;;;;;;;;;;29;1090;;;;;;;;;;29;997;;;;;;;;;;29;813;;;;;;;;;;29;730;;;;;;;;;;29;707;
30;775;;;;;30;1053;;;;;30;1112;;;;;;;;;;30;1180;;;;;;;;;;30;1023;;;;;;;;;;30;874;;;;;;;;;;30;731;;;;;;;;;;30;710;
31;819;;;;;31;1002;;;;;31;1195;;;;;;;;;;31;1178;;;;;;;;;;31;1024;;;;;;;;;;31;903;;;;;;;;;;31;739;;;;;;;;;;31;734;
32;861;;;;;32;937;;;;;32;1198;;;;;;;;;;32;1117;;;;;;;;;;32;973;;;;;;;;;;32;827;;;;;;;;;;32;789;;;;;;;;;;32;745;
33;853;;;;;33;984;;;;;33;1131;;;;;;;;;;33;1112;;;;;;;;;;33;1042;;;;;;;;;;33;871;;;;;;;;;;33;732;;;;;;;;;;33;684;
34;830;;;;;34;1113;;;;;34;1162;;;;;;;;;;34;1184;;;;;;;;;;34;1087;;;;;;;;;;34;877;;;;;;;;;;34;769;;;;;;;;;;34;745;
35;860;;;;;35;1022;;;;;35;1165;;;;;;;;;;35;1100;;;;;;;;;;35;1021;;;;;;;;;;35;919;;;;;;;;;;35;778;;;;;;;;;;35;780;
36;803;;;;;36;1026;;;;;36;1210;;;;;;;;;;36;1159;;;;;;;;;;36;1085;;;;;;;;;;36;831;;;;;;;;;;36;754;;;;;;;;;;36;728;
37;824;;;;;37;1048;;;;;37;1122;;;;;;;;;;37;1151;;;;;;;;;;37;1061;;;;;;;;;;37;833;;;;;;;;;;37;765;;;;;;;;;;37;753;
38;873;;;;;38;1016;;;;;38;1153;;;;;;;;;;38;1167;;;;;;;;;;38;1058;;;;;;;;;;38;894;;;;;;;;;;38;755;;;;;;;;;;38;745;
39;791;;;;;39;1061;;;;;39;1167;;;;;;;;;;39;1159;;;;;;;;;;39;1125;;;;;;;;;;39;853;;;;;;;;;;39;731;;;;;;;;;;39;747;
40;782;;;;;40;1045;;;;;40;1233;;;;;;;;;;40;1201;;;;;;;;;;40;1069;;;;;;;;;;40;871;;;;;;;;;;40;779;;;;;;;;;;40;758;
41;820;;;;;41;1083;;;;;41;1147;;;;;;;;;;41;1192;;;;;;;;;;41;1056;;;;;;;;;;41;828;;;;;;;;;;41;767;;;;;;;;;;41;755;
42;845;;;;;42;943;;;;;42;1208;;;;;;;;;;42;1079;;;;;;;;;;42;1079;;;;;;;;;;42;860;;;;;;;;;;42;744;;;;;;;;;;42;759;
43;812;;;;;43;1005;;;;;43;1180;;;;;;;;;;43;1102;;;;;;;;;;43;995;;;;;;;;;;43;822;;;;;;;;;;43;794;;;;;;;;;;43;777;
44;866;;;;;44;1070;;;;;44;1176;;;;;;;;;;44;1156;;;;;;;;;;44;1012;;;;;;;;;;44;833;;;;;;;;;;44;779;;;;;;;;;;44;730;
45;799;;;;;45;1085;;;;;45;1189;;;;;;;;;;45;1170;;;;;;;;;;45;1005;;;;;;;;;;45;913;;;;;;;;;;45;739;;;;;;;;;;45;767;
46;796;;;;;46;1068;;;;;46;1196;;;;;;;;;;46;1189;;;;;;;;;;46;1001;;;;;;;;;;46;846;;;;;;;;;;46;788;;;;;;;;;;46;758;
47;865;;;;;47;1037;;;;;47;1180;;;;;;;;;;47;1160;;;;;;;;;;47;1057;;;;;;;;;;47;876;;;;;;;;;;47;759;;;;;;;;;;47;716;
48;866;;;;;48;1041;;;;;48;1170;;;;;;;;;;48;1170;;;;;;;;;;48;1071;;;;;;;;;;48;900;;;;;;;;;;48;773;;;;;;;;;;48;757;
49;861;;;;;49;1047;;;;;49;1159;;;;;;;;;;49;1139;;;;;;;;;;49;1117;;;;;;;;;;49;901;;;;;;;;;;49;752;;;;;;;;;;49;732;
50;797;;;;;50;1032;;;;;50;1217;;;;;;;;;;50;1143;;;;;;;;;;50;1066;;;;;;;;;;50;849;;;;;;;;;;50;766;;;;;;;;;;50;774;
51;816;;;;;51;1045;;;;;51;1227;;;;;;;;;;51;1185;;;;;;;;;;51;1066;;;;;;;;;;51;915;;;;;;;;;;51;778;;;;;;;;;;51;786;
52;809;;;;;52;1136;;;;;52;1180;;;;;;;;;;52;1191;;;;;;;;;;52;1115;;;;;;;;;;52;862;;;;;;;;;;52;771;;;;;;;;;;52;781;
53;899;;;;;53;947;;;;;53;1158;;;;;;;;;;53;1142;;;;;;;;;;53;1099;;;;;;;;;;53;874;;;;;;;;;;53;765;;;;;;;;;;53;743;
54;819;;;;;54;1073;;;;;54;1200;;;;;;;;;;54;1160;;;;;;;;;;54;1074;;;;;;;;;;54;903;;;;;;;;;;54;787;;;;;;;;;;54;758;
55;862;;;;;55;1051;;;;;55;1232;;;;;;;;;;55;1160;;;;;;;;;;55;1096;;;;;;;;;;55;845;;;;;;;;;;55;762;;;;;;;;;;55;736;
56;836;;;;;56;1049;;;;;56;1204;;;;;;;;;;56;1167;;;;;;;;;;56;1103;;;;;;;;;;56;870;;;;;;;;;;56;777;;;;;;;;;;56;747;
57;826;;;;;57;1009;;;;;57;1175;;;;;;;;;;57;1197;;;;;;;;;;57;980;;;;;;;;;;57;917;;;;;;;;;;57;796;;;;;;;;;;57;772;
58;850;;;;;58;1050;;;;;58;1131;;;;;;;;;;58;1154;;;;;;;;;;58;1127;;;;;;;;;;58;925;;;;;;;;;;58;761;;;;;;;;;;58;789;
59;834;;;;;59;1048;;;;;59;1148;;;;;;;;;;59;1142;;;;;;;;;;59;1113;;;;;;;;;;59;948;;;;;;;;;;59;785;;;;;;;;;;59;730;
60;824;;;;;60;1030;;;;;60;1204;;;;;;;;;;60;1173;;;;;;;;;;60;997;;;;;;;;;;60;923;;;;;;;;;;60;798;;;;;;;;;;60;734;
61;844;;;;;61;1016;;;;;61;1118;;;;;;;;;;61;1232;;;;;;;;;;61;982;;;;;;;;;;61;914;;;;;;;;;;61;788;;;;;;;;;;61;736;
62;805;;;;;62;1057;;;;;62;1125;;;;;;;;;;62;1112;;;;;;;;;;62;1100;;;;;;;;;;62;842;;;;;;;;;;62;757;;;;;;;;;;62;737;
63;803;;;;;63;1049;;;;;63;1125;;;;;;;;;;63;1140;;;;;;;;;;63;1023;;;;;;;;;;63;848;;;;;;;;;;63;762;;;;;;;;;;63;736;
64;814;;;;;64;980;;;;;64;1200;;;;;;;;;;64;1118;;;;;;;;;;64;1005;;;;;;;;;;64;908;;;;;;;;;;64;733;;;;;;;;;;64;707;
65;810;;;;;65;1022;;;;;65;1136;;;;;;;;;;65;1135;;;;;;;;;;65;1013;;;;;;;;;;65;888;;;;;;;;;;65;781;;;;;;;;;;65;725;
66;881;;;;;66;994;;;;;66;1163;;;;;;;;;;66;1171;;;;;;;;;;66;972;;;;;;;;;;66;878;;;;;;;;;;66;765;;;;;;;;;;66;750;
67;834;;;;;67;981;;;;;67;1101;;;;;;;;;;67;1130;;;;;;;;;;67;1007;;;;;;;;;;67;911;;;;;;;;;;67;774;;;;;;;;;;67;712;
68;789;;;;;68;979;;;;;68;1159;;;;;;;;;;68;1007;;;;;;;;;;68;977;;;;;;;;;;68;855;;;;;;;;;;68;755;;;;;;;;;;68;762;
69;800;;;;;69;1035;;;;;69;1110;;;;;;;;;;69;1108;;;;;;;;;;69;1024;;;;;;;;;;69;868;;;;;;;;;;69;733;;;;;;;;;;69;717;
70;784;;;;;70;979;;;;;70;1081;;;;;;;;;;70;1152;;;;;;;;;;70;999;;;;;;;;;;70;864;;;;;;;;;;70;701;;;;;;;;;;70;734;
71;750;;;;;71;941;;;;;71;1087;;;;;;;;;;71;1133;;;;;;;;;;71;996;;;;;;;;;;71;800;;;;;;;;;;71;779;;;;;;;;;;71;737;
72;784;;;;;72;1016;;;;;72;1090;;;;;;;;;;72;1118;;;;;;;;;;72;1071;;;;;;;;;;72;842;;;;;;;;;;72;738;;;;;;;;;;72;722;
73;805;;;;;73;1009;;;;;73;1144;;;;;;;;;;73;1083;;;;;;;;;;73;977;;;;;;;;;;73;834;;;;;;;;;;73;763;;;;;;;;;;73;733;
74;760;;;;;74;964;;;;;74;1096;;;;;;;;;;74;1098;;;;;;;;;;74;976;;;;;;;;;;74;853;;;;;;;;;;74;776;;;;;;;;;;74;708;
75;810;;;;;75;999;;;;;75;1085;;;;;;;;;;75;1033;;;;;;;;;;75;937;;;;;;;;;;75;826;;;;;;;;;;75;716;;;;;;;;;;75;701;
76;790;;;;;76;1032;;;;;76;1080;;;;;;;;;;76;1089;;;;;;;;;;76;995;;;;;;;;;;76;814;;;;;;;;;;76;763;;;;;;;;;;76;761;
77;815;;;;;77;962;;;;;77;1066;;;;;;;;;;77;1093;;;;;;;;;;77;1009;;;;;;;;;;77;856;;;;;;;;;;77;756;;;;;;;;;;77;742;
78;807;;;;;78;961;;;;;78;1114;;;;;;;;;;78;1144;;;;;;;;;;78;1027;;;;;;;;;;78;827;;;;;;;;;;78;771;;;;;;;;;;78;798;
79;829;;;;;79;1007;;;;;79;1099;;;;;;;;;;79;1119;;;;;;;;;;79;1015;;;;;;;;;;79;888;;;;;;;;;;79;708;;;;;;;;;;79;733;
80;895;;;;;80;1054;;;;;80;1166;;;;;;;;;;80;1114;;;;;;;;;;80;1019;;;;;;;;;;80;887;;;;;;;;;;80;780;;;;;;;;;;80;762;
81;879;;;;;81;1070;;;;;81;1169;;;;;;;;;;81;1097;;;;;;;;;;81;1002;;;;;;;;;;81;894;;;;;;;;;;81;777;;;;;;;;;;81;805;
82;863;;;;;82;1078;;;;;82;1126;;;;;;;;;;82;1132;;;;;;;;;;82;1054;;;;;;;;;;82;962;;;;;;;;;;82;896;;;;;;;;;;82;813;
83;908;;;;;83;1152;;;;;83;1156;;;;;;;;;;83;1145;;;;;;;;;;83;1116;;;;;;;;;;83;939;;;;;;;;;;83;798;;;;;;;;;;83;823;
84;938;;;;;84;1174;;;;;84;1250;;;;;;;;;;84;1221;;;;;;;;;;84;1087;;;;;;;;;;84;896;;;;;;;;;;84;877;;;;;;;;;;84;843;
85;953;;;;;85;1118;;;;;85;1224;;;;;;;;;;85;1197;;;;;;;;;;85;1189;;;;;;;;;;85;941;;;;;;;;;;85;860;;;;;;;;;;85;893;
86;981;;;;;86;1139;;;;;86;1259;;;;;;;;;;86;1227;;;;;;;;;;86;1129;;;;;;;;;;86;960;;;;;;;;;;86;897;;;;;;;;;;86;931;
87;1024;;;;;87;1143;;;;;87;1289;;;;;;;;;;87;1272;;;;;;;;;;87;1142;;;;;;;;;;87;1033;;;;;;;;;;87;869;;;;;;;;;;87;913;
88;1034;;;;;88;1254;;;;;88;1354;;;;;;;;;;88;1247;;;;;;;;;;88;1191;;;;;;;;;;88;1082;;;;;;;;;;88;911;;;;;;;;;;88;1025;
89;1159;;;;;89;1229;;;;;89;1420;;;;;;;;;;89;1371;;;;;;;;;;89;1170;;;;;;;;;;89;1072;;;;;;;;;;89;975;;;;;;;;;;89;1017;
90;1158;;;;;90;1257;;;;;90;1405;;;;;;;;;;90;1428;;;;;;;;;;90;1269;;;;;;;;;;90;1208;;;;;;;;;;90;1043;;;;;;;;;;90;1044;
91;1138;;;;;91;1246;;;;;91;1437;;;;;;;;;;91;1434;;;;;;;;;;91;1318;;;;;;;;;;91;1193;;;;;;;;;;91;1011;;;;;;;;;;91;1032;
92;1188;;;;;92;1418;;;;;92;1506;;;;;;;;;;92;1459;;;;;;;;;;92;1381;;;;;;;;;;92;1248;;;;;;;;;;92;1057;;;;;;;;;;92;1091;
93;1277;;;;;93;1444;;;;;93;1623;;;;;;;;;;93;1498;;;;;;;;;;93;1379;;;;;;;;;;93;1261;;;;;;;;;;93;1208;;;;;;;;;;93;1137;
94;1256;;;;;94;1488;;;;;94;1590;;;;;;;;;;94;1652;;;;;;;;;;94;1546;;;;;;;;;;94;1314;;;;;;;;;;94;1185;;;;;;;;;;94;1130;
95;1248;;;;;95;1491;;;;;95;1698;;;;;;;;;;95;1552;;;;;;;;;;95;1530;;;;;;;;;;95;1292;;;;;;;;;;95;1265;;;;;;;;;;95;1246;
96;1344;;;;;96;1536;;;;;96;1773;;;;;;;;;;96;1705;;;;;;;;;;96;1622;;;;;;;;;;96;1447;;;;;;;;;;96;1273;;;;;;;;;;96;1281;
97;1468;;;;;97;1601;;;;;97;1830;;;;;;;;;;97;1713;;;;;;;;;;97;1634;;;;;;;;;;97;1437;;;;;;;;;;97;1307;;;;;;;;;;97;1289;
98;1530;;;;;98;1727;;;;;98;1836;;;;;;;;;;98;1863;;;;;;;;;;98;1736;;;;;;;;;;98;1454;;;;;;;;;;98;1358;;;;;;;;;;98;1336;
99;1562;;;;;99;1808;;;;;99;1949;;;;;;;;;;99;1870;;;;;;;;;;99;1867;;;;;;;;;;99;1556;;;;;;;;;;99;1484;;;;;;;;;;99;1450;
100;1613;;;;;100;1884;;;;;100;1950;;;;;;;;;;100;2016;;;;;;;;;;100;1850;;;;;;;;;;100;1659;;;;;;;;;;100;1473;;;;;;;;;;100;1434;
101;1734;;;;;101;1869;;;;;101;2189;;;;;;;;;;101;2063;;;;;;;;;;101;1912;;;;;;;;;;101;1760;;;;;;;;;;101;1469;;;;;;;;;;101;1552;
102;1744;;;;;102;2013;;;;;102;2144;;;;;;;;;;102;2207;;;;;;;;;;102;2081;;;;;;;;;;102;1725;;;;;;;;;;102;1595;;;;;;;;;;102;1578;
103;1780;;;;;103;2058;;;;;103;2294;;;;;;;;;;103;2233;;;;;;;;;;103;2045;;;;;;;;;;103;1821;;;;;;;;;;103;1600;;;;;;;;;;103;1664;
104;1932;;;;;104;2153;;;;;104;2349;;;;;;;;;;104;2285;;;;;;;;;;104;2187;;;;;;;;;;104;1966;;;;;;;;;;104;1721;;;;;;;;;;104;1768;
105;1957;;;;;105;2277;;;;;105;2457;;;;;;;;;;105;2453;;;;;;;;;;105;2272;;;;;;;;;;105;2014;;;;;;;;;;105;1799;;;;;;;;;;105;1764;
106;2044;;;;;106;2366;;;;;106;2699;;;;;;;;;;106;2581;;;;;;;;;;106;2396;;;;;;;;;;106;2114;;;;;;;;;;106;1909;;;;;;;;;;106;1810;
107;2161;;;;;107;2481;;;;;107;2634;;;;;;;;;;107;2723;;;;;;;;;;107;2554;;;;;;;;;;107;2199;;;;;;;;;;107;2042;;;;;;;;;;107;1953;
108;2254;;;;;108;2539;;;;;108;2826;;;;;;;;;;108;2665;;;;;;;;;;108;2693;;;;;;;;;;108;2360;;;;;;;;;;108;2132;;;;;;;;;;108;2007;
109;2369;;;;;109;2646;;;;;109;2901;;;;;;;;;;109;2928;;;;;;;;;;109;2596;;;;;;;;;;109;2353;;;;;;;;;;109;2077;;;;;;;;;;109;2067;
110;2446;;;;;110;2799;;;;;110;3067;;;;;;;;;;110;2947;;;;;;;;;;110;2684;;;;;;;;;;110;2451;;;;;;;;;;110;2189;;;;;;;;;;110;2149;
111;2433;;;;;111;2971;;;;;111;2963;;;;;;;;;;111;3035;;;;;;;;;;111;2859;;;;;;;;;;111;2550;;;;;;;;;;111;2170;;;;;;;;;;111;2154;
112;2442;;;;;112;2938;;;;;112;3262;;;;;;;;;;112;3194;;;;;;;;;;112;2844;;;;;;;;;;112;2556;;;;;;;;;;112;2272;;;;;;;;;;112;2258;
113;2494;;;;;113;3027;;;;;113;3100;;;;;;;;;;113;3277;;;;;;;;;;113;3079;;;;;;;;;;113;2576;;;;;;;;;;113;2421;;;;;;;;;;113;2285;
114;2585;;;;;114;3147;;;;;114;3471;;;;;;;;;;114;3386;;;;;;;;;;114;2948;;;;;;;;;;114;2609;;;;;;;;;;114;2487;;;;;;;;;;114;2335;
115;2567;;;;;115;3121;;;;;115;3498;;;;;;;;;;115;3400;;;;;;;;;;115;3161;;;;;;;;;;115;2865;;;;;;;;;;115;2387;;;;;;;;;;115;2379;
116;2735;;;;;116;3153;;;;;116;3415;;;;;;;;;;116;3524;;;;;;;;;;116;3302;;;;;;;;;;116;2858;;;;;;;;;;116;2571;;;;;;;;;;116;2500;
117;2760;;;;;117;3246;;;;;117;3665;;;;;;;;;;117;3663;;;;;;;;;;117;3265;;;;;;;;;;117;2856;;;;;;;;;;117;2463;;;;;;;;;;117;2431;
118;2835;;;;;118;3359;;;;;118;3713;;;;;;;;;;118;3747;;;;;;;;;;118;3370;;;;;;;;;;118;3002;;;;;;;;;;118;2590;;;;;;;;;;118;2647;
119;2793;;;;;119;3420;;;;;119;3721;;;;;;;;;;119;3759;;;;;;;;;;119;3444;;;;;;;;;;119;3115;;;;;;;;;;119;2608;;;;;;;;;;119;2602;
120;2850;;;;;120;3496;;;;;120;3840;;;;;;;;;;120;3893;;;;;;;;;;120;3586;;;;;;;;;;120;3024;;;;;;;;;;120;2774;;;;;;;;;;120;2567;
121;3007;;;;;121;3582;;;;;121;3958;;;;;;;;;;121;3973;;;;;;;;;;121;3544;;;;;;;;;;121;3231;;;;;;;;;;121;2823;;;;;;;;;;121;2605;
122;3039;;;;;122;3684;;;;;122;4097;;;;;;;;;;122;4066;;;;;;;;;;122;3680;;;;;;;;;;122;3222;;;;;;;;;;122;2815;;;;;;;;;;122;2797;
123;3168;;;;;123;3653;;;;;123;4187;;;;;;;;;;123;4136;;;;;;;;;;123;3724;;;;;;;;;;123;3207;;;;;;;;;;123;2857;;;;;;;;;;123;2698;
124;3186;;;;;124;3799;;;;;124;4211;;;;;;;;;;124;4186;;;;;;;;;;124;3848;;;;;;;;;;124;3446;;;;;;;;;;124;2874;;;;;;;;;;124;2776;
125;3232;;;;;125;3934;;;;;125;4373;;;;;;;;;;125;4218;;;;;;;;;;125;4030;;;;;;;;;;125;3345;;;;;;;;;;125;3023;;;;;;;;;;125;2896;
126;3283;;;;;126;3974;;;;;126;4478;;;;;;;;;;126;4426;;;;;;;;;;126;4048;;;;;;;;;;126;3452;;;;;;;;;;126;3039;;;;;;;;;;126;3034;
127;3257;;;;;127;4029;;;;;127;4606;;;;;;;;;;127;4611;;;;;;;;;;127;4167;;;;;;;;;;127;3568;;;;;;;;;;127;2969;;;;;;;;;;127;3115;
128;3350;;;;;128;4107;;;;;128;4457;;;;;;;;;;128;4538;;;;;;;;;;128;4090;;;;;;;;;;128;3524;;;;;;;;;;128;3020;;;;;;;;;;128;3072;
129;3450;;;;;129;4065;;;;;129;4523;;;;;;;;;;129;4634;;;;;;;;;;129;4294;;;;;;;;;;129;3556;;;;;;;;;;129;3146;;;;;;;;;;129;3082;
130;3407;;;;;130;4127;;;;;130;4577;;;;;;;;;;130;4531;;;;;;;;;;130;4201;;;;;;;;;;130;3739;;;;;;;;;;130;3104;;;;;;;;;;130;3056;
131;3410;;;;;131;4017;;;;;131;4631;;;;;;;;;;131;4733;;;;;;;;;;131;4251;;;;;;;;;;131;3585;;;;;;;;;;131;3218;;;;;;;;;;131;3262;
132;3445;;;;;132;4209;;;;;132;4733;;;;;;;;;;132;4661;;;;;;;;;;132;4135;;;;;;;;;;132;3601;;;;;;;;;;132;3163;;;;;;;;;;132;3144;
133;3407;;;;;133;4247;;;;;133;4624;;;;;;;;;;133;4645;;;;;;;;;;133;4327;;;;;;;;;;133;3675;;;;;;;;;;133;3004;;;;;;;;;;133;3141;
134;3355;;;;;134;4201;;;;;134;4739;;;;;;;;;;134;4779;;;;;;;;;;134;4408;;;;;;;;;;134;3679;;;;;;;;;;134;3271;;;;;;;;;;134;3195;
135;3447;;;;;135;4197;;;;;135;4753;;;;;;;;;;135;4758;;;;;;;;;;135;4286;;;;;;;;;;135;3713;;;;;;;;;;135;3123;;;;;;;;;;135;3121;
136;3486;;;;;136;4249;;;;;136;4718;;;;;;;;;;136;4701;;;;;;;;;;136;4306;;;;;;;;;;136;3790;;;;;;;;;;136;3161;;;;;;;;;;136;3200;
137;3422;;;;;137;4110;;;;;137;4790;;;;;;;;;;137;4716;;;;;;;;;;137;4258;;;;;;;;;;137;3685;;;;;;;;;;137;3098;;;;;;;;;;137;3194;
138;3513;;;;;138;4189;;;;;138;4721;;;;;;;;;;138;4860;;;;;;;;;;138;4258;;;;;;;;;;138;3604;;;;;;;;;;138;3159;;;;;;;;;;138;3139;
139;3423;;;;;139;4152;;;;;139;4814;;;;;;;;;;139;4778;;;;;;;;;;139;4477;;;;;;;;;;139;3692;;;;;;;;;;139;3173;;;;;;;;;;139;3238;
140;3480;;;;;140;4340;;;;;140;4832;;;;;;;;;;140;4788;;;;;;;;;;140;4340;;;;;;;;;;140;3723;;;;;;;;;;140;3285;;;;;;;;;;140;3162;
141;3519;;;;;141;4403;;;;;141;4952;;;;;;;;;;141;4787;;;;;;;;;;141;4336;;;;;;;;;;141;3674;;;;;;;;;;141;3290;;;;;;;;;;141;3287;
142;3638;;;;;142;4236;;;;;142;4858;;;;;;;;;;142;4879;;;;;;;;;;142;4419;;;;;;;;;;142;3804;;;;;;;;;;142;3230;;;;;;;;;;142;3191;
143;3569;;;;;143;4404;;;;;143;4958;;;;;;;;;;143;4968;;;;;;;;;;143;4417;;;;;;;;;;143;3806;;;;;;;;;;143;3176;;;;;;;;;;143;3223;
144;3606;;;;;144;4472;;;;;144;5111;;;;;;;;;;144;5061;;;;;;;;;;144;4591;;;;;;;;;;144;3862;;;;;;;;;;144;3285;;;;;;;;;;144;3229;
145;3554;;;;;145;4422;;;;;145;5119;;;;;;;;;;145;5220;;;;;;;;;;145;4525;;;;;;;;;;145;3892;;;;;;;;;;145;3396;;;;;;;;;;145;3290;
146;3597;;;;;146;4518;;;;;146;5139;;;;;;;;;;146;5049;;;;;;;;;;146;4525;;;;;;;;;;146;3919;;;;;;;;;;146;3279;;;;;;;;;;146;3311;
147;3725;;;;;147;4547;;;;;147;5228;;;;;;;;;;147;5183;;;;;;;;;;147;4557;;;;;;;;;;147;3998;;;;;;;;;;147;3331;;;;;;;;;;147;3312;
148;3719;;;;;148;4685;;;;;148;5240;;;;;;;;;;148;5172;;;;;;;;;;148;4742;;;;;;;;;;148;3822;;;;;;;;;;148;3421;;;;;;;;;;148;3290;
149;3746;;;;;149;4743;;;;;149;5310;;;;;;;;;;149;5475;;;;;;;;;;149;4791;;;;;;;;;;149;3908;;;;;;;;;;149;3448;;;;;;;;;;149;3377;
150;3813;;;;;150;4656;;;;;150;5279;;;;;;;;;;150;5242;;;;;;;;;;150;4731;;;;;;;;;;150;4002;;;;;;;;;;150;3385;;;;;;;;;;150;3480;
151;3690;;;;;151;4797;;;;;151;5340;;;;;;;;;;151;5425;;;;;;;;;;151;4727;;;;;;;;;;151;4108;;;;;;;;;;151;3370;;;;;;;;;;151;3333;
152;3826;;;;;152;4814;;;;;152;5368;;;;;;;;;;152;5412;;;;;;;;;;152;4806;;;;;;;;;;152;4137;;;;;;;;;;152;3493;;;;;;;;;;152;3520;
153;3882;;;;;153;4732;;;;;153;5518;;;;;;;;;;153;5336;;;;;;;;;;153;4876;;;;;;;;;;153;4051;;;;;;;;;;153;3516;;;;;;;;;;153;3474;
154;3890;;;;;154;4905;;;;;154;5555;;;;;;;;;;154;5445;;;;;;;;;;154;4897;;;;;;;;;;154;4074;;;;;;;;;;154;3518;;;;;;;;;;154;3481;
155;3906;;;;;155;4857;;;;;155;5545;;;;;;;;;;155;5528;;;;;;;;;;155;5045;;;;;;;;;;155;4214;;;;;;;;;;155;3609;;;;;;;;;;155;3584;
156;3896;;;;;156;4961;;;;;156;5670;;;;;;;;;;156;5572;;;;;;;;;;156;4844;;;;;;;;;;156;4373;;;;;;;;;;156;3687;;;;;;;;;;156;3614;
157;4058;;;;;157;4989;;;;;157;5749;;;;;;;;;;157;5628;;;;;;;;;;157;5016;;;;;;;;;;157;4239;;;;;;;;;;157;3644;;;;;;;;;;157;3625;
158;3990;;;;;158;4894;;;;;158;5577;;;;;;;;;;158;5534;;;;;;;;;;158;4919;;;;;;;;;;158;4100;;;;;;;;;;158;3655;;;;;;;;;;158;3552;
159;3934;;;;;159;4930;;;;;159;5431;;;;;;;;;;159;5634;;;;;;;;;;159;4939;;;;;;;;;;159;4133;;;;;;;;;;159;3724;;;;;;;;;;159;3636;
160;3968;;;;;160;4889;;;;;160;5603;;;;;;;;;;160;5378;;;;;;;;;;160;5023;;;;;;;;;;160;4308;;;;;;;;;;160;3600;;;;;;;;;;160;3585;
161;3931;;;;;161;4883;;;;;161;5595;;;;;;;;;;161;5601;;;;;;;;;;161;5036;;;;;;;;;;161;4124;;;;;;;;;;161;3489;;;;;;;;;;161;3577;
162;3931;;;;;162;4952;;;;;162;5495;;;;;;;;;;162;5464;;;;;;;;;;162;4952;;;;;;;;;;162;4176;;;;;;;;;;162;3692;;;;;;;;;;162;3527;
163;3901;;;;;163;4803;;;;;163;5530;;;;;;;;;;163;5486;;;;;;;;;;163;4822;;;;;;;;;;163;4114;;;;;;;;;;163;3666;;;;;;;;;;163;3484;
164;3954;;;;;164;4866;;;;;164;5398;;;;;;;;;;164;5497;;;;;;;;;;164;4906;;;;;;;;;;164;4131;;;;;;;;;;164;3520;;;;;;;;;;164;3510;
165;3835;;;;;165;4846;;;;;165;5465;;;;;;;;;;165;5508;;;;;;;;;;165;5015;;;;;;;;;;165;4092;;;;;;;;;;165;3508;;;;;;;;;;165;3425;
166;3883;;;;;166;4864;;;;;166;5487;;;;;;;;;;166;5454;;;;;;;;;;166;4922;;;;;;;;;;166;4032;;;;;;;;;;166;3609;;;;;;;;;;166;3523;
167;3825;;;;;167;4788;;;;;167;5382;;;;;;;;;;167;5396;;;;;;;;;;167;4909;;;;;;;;;;167;4020;;;;;;;;;;167;3559;;;;;;;;;;167;3470;
168;3918;;;;;168;4895;;;;;168;5556;;;;;;;;;;168;5485;;;;;;;;;;168;4941;;;;;;;;;;168;4095;;;;;;;;;;168;3538;;;;;;;;;;168;3490;
169;3922;;;;;169;4818;;;;;169;5544;;;;;;;;;;169;5365;;;;;;;;;;169;4769;;;;;;;;;;169;4086;;;;;;;;;;169;3622;;;;;;;;;;169;3473;
170;3964;;;;;170;4962;;;;;170;5557;;;;;;;;;;170;5562;;;;;;;;;;170;4805;;;;;;;;;;170;4054;;;;;;;;;;170;3540;;;;;;;;;;170;3484;
171;3873;;;;;171;4937;;;;;171;5571;;;;;;;;;;171;5513;;;;;;;;;;171;5006;;;;;;;;;;171;4180;;;;;;;;;;171;3520;;;;;;;;;;171;3392;
172;4103;;;;;172;4909;;;;;172;5576;;;;;;;;;;172;5527;;;;;;;;;;172;4986;;;;;;;;;;172;4122;;;;;;;;;;172;3633;;;;;;;;;;172;3635;
173;4029;;;;;173;4991;;;;;173;5608;;;;;;;;;;173;5541;;;;;;;;;;173;5025;;;;;;;;;;173;4083;;;;;;;;;;173;3619;;;;;;;;;;173;3494;
174;4115;;;;;174;5112;;;;;174;5730;;;;;;;;;;174;5623;;;;;;;;;;174;5148;;;;;;;;;;174;4267;;;;;;;;;;174;3706;;;;;;;;;;174;3719;
175;4059;;;;;175;5012;;;;;175;5662;;;;;;;;;;175;5515;;;;;;;;;;175;5155;;;;;;;;;;175;4390;;;;;;;;;;175;3679;;;;;;;;;;175;3684;
176;4157;;;;;176;5081;;;;;176;5991;;;;;;;;;;176;5769;;;;;;;;;;176;5258;;;;;;;;;;176;4393;;;;;;;;;;176;3704;;;;;;;;;;176;3659;
177;4171;;;;;177;5060;;;;;177;5859;;;;;;;;;;177;5780;;;;;;;;;;177;5231;;;;;;;;;;177;4457;;;;;;;;;;177;3858;;;;;;;;;;177;3605;
178;4239;;;;;178;5345;;;;;178;5973;;;;;;;;;;178;5818;;;;;;;;;;178;5284;;;;;;;;;;178;4442;;;;;;;;;;178;3764;;;;;;;;;;178;3863;
179;4175;;;;;179;5197;;;;;179;5895;;;;;;;;;;179;5901;;;;;;;;;;179;5172;;;;;;;;;;179;4397;;;;;;;;;;179;3841;;;;;;;;;;179;3732;
180;4269;;;;;180;5363;;;;;180;5942;;;;;;;;;;180;5880;;;;;;;;;;180;5166;;;;;;;;;;180;4461;;;;;;;;;;180;3954;;;;;;;;;;180;3733;
181;4378;;;;;181;5303;;;;;181;5946;;;;;;;;;;181;6077;;;;;;;;;;181;5307;;;;;;;;;;181;4460;;;;;;;;;;181;3929;;;;;;;;;;181;3886;
182;4419;;;;;182;5181;;;;;182;6041;;;;;;;;;;182;5837;;;;;;;;;;182;5354;;;;;;;;;;182;4493;;;;;;;;;;182;3993;;;;;;;;;;182;3945;
183;4328;;;;;183;5405;;;;;183;6094;;;;;;;;;;183;5808;;;;;;;;;;183;5390;;;;;;;;;;183;4425;;;;;;;;;;183;3931;;;;;;;;;;183;3883;
184;4202;;;;;184;5287;;;;;184;5925;;;;;;;;;;184;5974;;;;;;;;;;184;5424;;;;;;;;;;184;4509;;;;;;;;;;184;3761;;;;;;;;;;184;3930;
185;4305;;;;;185;5243;;;;;185;5921;;;;;;;;;;185;5949;;;;;;;;;;185;5200;;;;;;;;;;185;4473;;;;;;;;;;185;3930;;;;;;;;;;185;3923;
186;4246;;;;;186;5132;;;;;186;5875;;;;;;;;;;186;5980;;;;;;;;;;186;5410;;;;;;;;;;186;4487;;;;;;;;;;186;3940;;;;;;;;;;186;3737;
187;4127;;;;;187;5165;;;;;187;6003;;;;;;;;;;187;5847;;;;;;;;;;187;5214;;;;;;;;;;187;4344;;;;;;;;;;187;3834;;;;;;;;;;187;3889;
188;4213;;;;;188;5079;;;;;188;5910;;;;;;;;;;188;5832;;;;;;;;;;188;5097;;;;;;;;;;188;4420;;;;;;;;;;188;3790;;;;;;;;;;188;3883;
189;4128;;;;;189;5121;;;;;189;5925;;;;;;;;;;189;5769;;;;;;;;;;189;5115;;;;;;;;;;189;4319;;;;;;;;;;189;3806;;;;;;;;;;189;3796;
190;4209;;;;;190;5284;;;;;190;5823;;;;;;;;;;190;5656;;;;;;;;;;190;5199;;;;;;;;;;190;4330;;;;;;;;;;190;3774;;;;;;;;;;190;3760;
191;4196;;;;;191;5050;;;;;191;5923;;;;;;;;;;191;5793;;;;;;;;;;191;5169;;;;;;;;;;191;4329;;;;;;;;;;191;3736;;;;;;;;;;191;3717;
192;4117;;;;;192;5109;;;;;192;5890;;;;;;;;;;192;5833;;;;;;;;;;192;5033;;;;;;;;;;192;4183;;;;;;;;;;192;3929;;;;;;;;;;192;3766;
193;4151;;;;;193;5016;;;;;193;5923;;;;;;;;;;193;5944;;;;;;;;;;193;5131;;;;;;;;;;193;4455;;;;;;;;;;193;3702;;;;;;;;;;193;3715;
194;4197;;;;;194;5029;;;;;194;5852;;;;;;;;;;194;5740;;;;;;;;;;194;5198;;;;;;;;;;194;4389;;;;;;;;;;194;3962;;;;;;;;;;194;3706;
195;4134;;;;;195;5286;;;;;195;5800;;;;;;;;;;195;5798;;;;;;;;;;195;5287;;;;;;;;;;195;4387;;;;;;;;;;195;3804;;;;;;;;;;195;3724;
196;4201;;;;;196;5118;;;;;196;5912;;;;;;;;;;196;5747;;;;;;;;;;196;5171;;;;;;;;;;196;4505;;;;;;;;;;196;3899;;;;;;;;;;196;3784;
197;4304;;;;;197;5204;;;;;197;5858;;;;;;;;;;197;5916;;;;;;;;;;197;5214;;;;;;;;;;197;4435;;;;;;;;;;197;3768;;;;;;;;;;197;3830;
198;4259;;;;;198;5230;;;;;198;5859;;;;;;;;;;198;5850;;;;;;;;;;198;5185;;;;;;;;;;198;4405;;;;;;;;;;198;3850;;;;;;;;;;198;3771;
199;4384;;;;;199;5245;;;;;199;6017;;;;;;;;;;199;5947;;;;;;;;;;199;5106;;;;;;;;;;199;4495;;;;;;;;;;199;3901;;;;;;;;;;199;3903;
200;4243;;;;;200;5263;;;;;200;6031;;;;;;;;;;200;5993;;;;;;;;;;200;5230;;;;;;;;;;200;4450;;;;;;;;;;200;3876;;;;;;;;;;200;3808;
201;4387;;;;;201;5417;;;;;201;5986;;;;;;;;;;201;5888;;;;;;;;;;201;5318;;;;;;;;;;201;4450;;;;;;;;;;201;3801;;;;;;;;;;201;3952;
202;4342;;;;;202;5383;;;;;202;5950;;;;;;;;;;202;5914;;;;;;;;;;202;5226;;;;;;;;;;202;4601;;;;;;;;;;202;3885;;;;;;;;;;202;3985;
203;4387;;;;;203;5332;;;;;203;6017;;;;;;;;;;203;5853;;;;;;;;;;203;5264;;;;;;;;;;203;4571;;;;;;;;;;203;3991;;;;;;;;;;203;4050;
204;4261;;;;;204;5357;;;;;204;5995;;;;;;;;;;204;5868;;;;;;;;;;204;5313;;;;;;;;;;204;4568;;;;;;;;;;204;3928;;;;;;;;;;204;3878;
205;4315;;;;;205;5387;;;;;205;6038;;;;;;;;;;205;5801;;;;;;;;;;205;5472;;;;;;;;;;205;4464;;;;;;;;;;205;4114;;;;;;;;;;205;3897;
206;4356;;;;;206;5385;;;;;206;6033;;;;;;;;;;206;5868;;;;;;;;;;206;5406;;;;;;;;;;206;4437;;;;;;;;;;206;4049;;;;;;;;;;206;4078;
207;4453;;;;;207;5501;;;;;207;6003;;;;;;;;;;207;5877;;;;;;;;;;207;5332;;;;;;;;;;207;4585;;;;;;;;;;207;3899;;;;;;;;;;207;3902;
208;4441;;;;;208;5281;;;;;208;5996;;;;;;;;;;208;5821;;;;;;;;;;208;5470;;;;;;;;;;208;4581;;;;;;;;;;208;4046;;;;;;;;;;208;4079;
209;4449;;;;;209;5436;;;;;209;5889;;;;;;;;;;209;5889;;;;;;;;;;209;5492;;;;;;;;;;209;4573;;;;;;;;;;209;4004;;;;;;;;;;209;4081;
210;4473;;;;;210;5384;;;;;210;5997;;;;;;;;;;210;5930;;;;;;;;;;210;5367;;;;;;;;;;210;4599;;;;;;;;;;210;4011;;;;;;;;;;210;4070;
211;4501;;;;;211;5324;;;;;211;6059;;;;;;;;;;211;5917;;;;;;;;;;211;5455;;;;;;;;;;211;4655;;;;;;;;;;211;4088;;;;;;;;;;211;4112;
212;4335;;;;;212;5358;;;;;212;6066;;;;;;;;;;212;6062;;;;;;;;;;212;5437;;;;;;;;;;212;4674;;;;;;;;;;212;4062;;;;;;;;;;212;4088;
213;4530;;;;;213;5366;;;;;213;6148;;;;;;;;;;213;5993;;;;;;;;;;213;5489;;;;;;;;;;213;4573;;;;;;;;;;213;4116;;;;;;;;;;213;4096;
214;4526;;;;;214;5471;;;;;214;6133;;;;;;;;;;214;5998;;;;;;;;;;214;5477;;;;;;;;;;214;4626;;;;;;;;;;214;4125;;;;;;;;;;214;4081;
215;4625;;;;;215;5500;;;;;215;6201;;;;;;;;;;215;5992;;;;;;;;;;215;5290;;;;;;;;;;215;4746;;;;;;;;;;215;4134;;;;;;;;;;215;4098;
216;4551;;;;;216;5579;;;;;216;6058;;;;;;;;;;216;6061;;;;;;;;;;216;5423;;;;;;;;;;216;4593;;;;;;;;;;216;4126;;;;;;;;;;216;4166;
217;4610;;;;;217;5568;;;;;217;6163;;;;;;;;;;217;5931;;;;;;;;;;217;5525;;;;;;;;;;217;4498;;;;;;;;;;217;4186;;;;;;;;;;217;4171;
218;4580;;;;;218;5537;;;;;218;6131;;;;;;;;;;218;5972;;;;;;;;;;218;5446;;;;;;;;;;218;4546;;;;;;;;;;218;4109;;;;;;;;;;218;4268;
219;4611;;;;;219;5665;;;;;219;6178;;;;;;;;;;219;6013;;;;;;;;;;219;5422;;;;;;;;;;219;4813;;;;;;;;;;219;4265;;;;;;;;;;219;4190;
220;4714;;;;;220;5684;;;;;220;6096;;;;;;;;;;220;5985;;;;;;;;;;220;5434;;;;;;;;;;220;4663;;;;;;;;;;220;4241;;;;;;;;;;220;4239;
221;4682;;;;;221;5610;;;;;221;6159;;;;;;;;;;221;6032;;;;;;;;;;221;5477;;;;;;;;;;221;4735;;;;;;;;;;221;4358;;;;;;;;;;221;4243;
222;4732;;;;;222;5537;;;;;222;6153;;;;;;;;;;222;6013;;;;;;;;;;222;5570;;;;;;;;;;222;4835;;;;;;;;;;222;4212;;;;;;;;;;222;4322;
223;4608;;;;;223;5689;;;;;223;6082;;;;;;;;;;223;6035;;;;;;;;;;223;5509;;;;;;;;;;223;4762;;;;;;;;;;223;4441;;;;;;;;;;223;4419;
224;4722;;;;;224;5540;;;;;224;6156;;;;;;;;;;224;6067;;;;;;;;;;224;5529;;;;;;;;;;224;4749;;;;;;;;;;224;4316;;;;;;;;;;224;4354;
225;4744;;;;;225;5600;;;;;225;6047;;;;;;;;;;225;6098;;;;;;;;;;225;5573;;;;;;;;;;225;4787;;;;;;;;;;225;4240;;;;;;;;;;225;4407;
226;4673;;;;;226;5676;;;;;226;5968;;;;;;;;;;226;6034;;;;;;;;;;226;5605;;;;;;;;;;226;4799;;;;;;;;;;226;4352;;;;;;;;;;226;4445;
227;4749;;;;;227;5650;;;;;227;6136;;;;;;;;;;227;6026;;;;;;;;;;227;5573;;;;;;;;;;227;4874;;;;;;;;;;227;4380;;;;;;;;;;227;4411;
228;4734;;;;;228;5751;;;;;228;6176;;;;;;;;;;228;5911;;;;;;;;;;228;5636;;;;;;;;;;228;4831;;;;;;;;;;228;4446;;;;;;;;;;228;4368;
229;4667;;;;;229;5466;;;;;229;5950;;;;;;;;;;229;5965;;;;;;;;;;229;5575;;;;;;;;;;229;4829;;;;;;;;;;229;4377;;;;;;;;;;229;4385;
230;4758;;;;;230;5489;;;;;230;6084;;;;;;;;;;230;6032;;;;;;;;;;230;5521;;;;;;;;;;230;4798;;;;;;;;;;230;4354;;;;;;;;;;230;4507;
231;4660;;;;;231;5684;;;;;231;6093;;;;;;;;;;231;6148;;;;;;;;;;231;5523;;;;;;;;;;231;4727;;;;;;;;;;231;4578;;;;;;;;;;231;4511;
232;4797;;;;;232;5592;;;;;232;6234;;;;;;;;;;232;6171;;;;;;;;;;232;5572;;;;;;;;;;232;4927;;;;;;;;;;232;4417;;;;;;;;;;232;4289;
233;4805;;;;;233;5675;;;;;233;6149;;;;;;;;;;233;5993;;;;;;;;;;233;5572;;;;;;;;;;233;4859;;;;;;;;;;233;4390;;;;;;;;;;233;4489;
234;4970;;;;;234;5748;;;;;234;6250;;;;;;;;;;234;6026;;;;;;;;;;234;5641;;;;;;;;;;234;4854;;;;;;;;;;234;4527;;;;;;;;;;234;4439;
235;4753;;;;;235;5640;;;;;235;6179;;;;;;;;;;235;6090;;;;;;;;;;235;5635;;;;;;;;;;235;4692;;;;;;;;;;235;4368;;;;;;;;;;235;4444;
236;4715;;;;;236;5597;;;;;236;5966;;;;;;;;;;236;5999;;;;;;;;;;236;5553;;;;;;;;;;236;4811;;;;;;;;;;236;4432;;;;;;;;;;236;4489;
237;4736;;;;;237;5677;;;;;237;6140;;;;;;;;;;237;6098;;;;;;;;;;237;5534;;;;;;;;;;237;4821;;;;;;;;;;237;4570;;;;;;;;;;237;4541;
238;4762;;;;;238;5650;;;;;238;6203;;;;;;;;;;238;6075;;;;;;;;;;238;5557;;;;;;;;;;238;4897;;;;;;;;;;238;4475;;;;;;;;;;238;4543;
239;4917;;;;;239;5534;;;;;239;6052;;;;;;;;;;239;6111;;;;;;;;;;239;5560;;;;;;;;;;239;4949;;;;;;;;;;239;4636;;;;;;;;;;239;4583;
240;4846;;;;;240;5475;;;;;240;6033;;;;;;;;;;240;5966;;;;;;;;;;240;5465;;;;;;;;;;240;4972;;;;;;;;;;240;4515;;;;;;;;;;240;4647;
241;4995;;;;;241;5653;;;;;241;6191;;;;;;;;;;241;6005;;;;;;;;;;241;5599;;;;;;;;;;241;4911;;;;;;;;;;241;4585;;;;;;;;;;241;4510;
242;5028;;;;;242;5597;;;;;242;6176;;;;;;;;;;242;6023;;;;;;;;;;242;5618;;;;;;;;;;242;4833;;;;;;;;;;242;4461;;;;;;;;;;242;4647;
243;4746;;;;;243;5716;;;;;243;6075;;;;;;;;;;243;6101;;;;;;;;;;243;5630;;;;;;;;;;243;4968;;;;;;;;;;243;4535;;;;;;;;;;243;4451;
244;5012;;;;;244;5706;;;;;244;6091;;;;;;;;;;244;6070;;;;;;;;;;244;5499;;;;;;;;;;244;4958;;;;;;;;;;244;4491;;;;;;;;;;244;4531;
245;4816;;;;;245;5675;;;;;245;6056;;;;;;;;;;245;6004;;;;;;;;;;245;5551;;;;;;;;;;245;4889;;;;;;;;;;245;4585;;;;;;;;;;245;4557;
246;4907;;;;;246;5689;;;;;246;6058;;;;;;;;;;246;5929;;;;;;;;;;246;5591;;;;;;;;;;246;4933;;;;;;;;;;246;4597;;;;;;;;;;246;4588;
247;4879;;;;;247;5637;;;;;247;6221;;;;;;;;;;247;6037;;;;;;;;;;247;5714;;;;;;;;;;247;4924;;;;;;;;;;247;4640;;;;;;;;;;247;4539;
248;4863;;;;;248;5559;;;;;248;6040;;;;;;;;;;248;6117;;;;;;;;;;248;5462;;;;;;;;;;248;5000;;;;;;;;;;248;4630;;;;;;;;;;248;4637;
249;4867;;;;;249;5760;;;;;249;6125;;;;;;;;;;249;6118;;;;;;;;;;249;5599;;;;;;;;;;249;4853;;;;;;;;;;249;4771;;;;;;;;;;249;4599;
250;5090;;;;;250;5770;;;;;250;6141;;;;;;;;;;250;6023;;;;;;;;;;250;5500;;;;;;;;;;250;5044;;;;;;;;;;250;4745;;;;;;;;;;250;4621;
251;4956;;;;;251;5721;;;;;251;6087;;;;;;;;;;251;5987;;;;;;;;;;251;5566;;;;;;;;;;251;4847;;;;;;;;;;251;4681;;;;;;;;;;251;4642;
252;4955;;;;;252;5630;;;;;252;5937;;;;;;;;;;252;6021;;;;;;;;;;252;5615;;;;;;;;;;252;5107;;;;;;;;;;252;4815;;;;;;;;;;252;4741;
253;5130;;;;;253;5606;;;;;253;6098;;;;;;;;;;253;5790;;;;;;;;;;253;5560;;;;;;;;;;253;4872;;;;;;;;;;253;4660;;;;;;;;;;253;4759;
254;5162;;;;;254;5851;;;;;254;6093;;;;;;;;;;254;5977;;;;;;;;;;254;5683;;;;;;;;;;254;4904;;;;;;;;;;254;4624;;;;;;;;;;254;4792;
255;5040;;;;;255;5695;;;;;255;6062;;;;;;;;;;255;6010;;;;;;;;;;255;5635;;;;;;;;;;255;5072;;;;;;;;;;255;4593;;;;;;;;;;255;4781;
256;4942;;;;;256;5706;;;;;256;5956;;;;;;;;;;256;6093;;;;;;;;;;256;5694;;;;;;;;;;256;4981;;;;;;;;;;256;4629;;;;;;;;;;256;4804;
257;4978;;;;;257;5724;;;;;257;6090;;;;;;;;;;257;6092;;;;;;;;;;257;5575;;;;;;;;;;257;4957;;;;;;;;;;257;4754;;;;;;;;;;257;4661;
258;5041;;;;;258;5669;;;;;258;5996;;;;;;;;;;258;5770;;;;;;;;;;258;5712;;;;;;;;;;258;5059;;;;;;;;;;258;4713;;;;;;;;;;258;4833;
259;5052;;;;;259;5695;;;;;259;6107;;;;;;;;;;259;5921;;;;;;;;;;259;5587;;;;;;;;;;259;5105;;;;;;;;;;259;4855;;;;;;;;;;259;4716;
260;5058;;;;;260;5619;;;;;260;5985;;;;;;;;;;260;5786;;;;;;;;;;260;5644;;;;;;;;;;260;4980;;;;;;;;;;260;4714;;;;;;;;;;260;4852;
261;5066;;;;;261;5803;;;;;261;5949;;;;;;;;;;261;5913;;;;;;;;;;261;5571;;;;;;;;;;261;5072;;;;;;;;;;261;4689;;;;;;;;;;261;4879;
262;4934;;;;;262;5552;;;;;262;6042;;;;;;;;;;262;6079;;;;;;;;;;262;5673;;;;;;;;;;262;5135;;;;;;;;;;262;4967;;;;;;;;;;262;4723;
263;5160;;;;;263;5725;;;;;263;5868;;;;;;;;;;263;5857;;;;;;;;;;263;5642;;;;;;;;;;263;5145;;;;;;;;;;263;4810;;;;;;;;;;263;4843;
264;5136;;;;;264;5728;;;;;264;6281;;;;;;;;;;264;6036;;;;;;;;;;264;5614;;;;;;;;;;264;4955;;;;;;;;;;264;4708;;;;;;;;;;264;4811;
265;5082;;;;;265;5762;;;;;265;6034;;;;;;;;;;265;5948;;;;;;;;;;265;5675;;;;;;;;;;265;5047;;;;;;;;;;265;4773;;;;;;;;;;265;4945;
266;5117;;;;;266;5583;;;;;266;6128;;;;;;;;;;266;5875;;;;;;;;;;266;5683;;;;;;;;;;266;5242;;;;;;;;;;266;4829;;;;;;;;;;266;4745;
267;5142;;;;;267;5717;;;;;267;6013;;;;;;;;;;267;5940;;;;;;;;;;267;5521;;;;;;;;;;267;5236;;;;;;;;;;267;4830;;;;;;;;;;267;4908;
268;5092;;;;;268;5671;;;;;268;6037;;;;;;;;;;268;6088;;;;;;;;;;268;5703;;;;;;;;;;268;5120;;;;;;;;;;268;4953;;;;;;;;;;268;5045;
269;5172;;;;;269;5804;;;;;269;6109;;;;;;;;;;269;5861;;;;;;;;;;269;5596;;;;;;;;;;269;5235;;;;;;;;;;269;4917;;;;;;;;;;269;4918;
270;5234;;;;;270;5807;;;;;270;5950;;;;;;;;;;270;5976;;;;;;;;;;270;5665;;;;;;;;;;270;5179;;;;;;;;;;270;4850;;;;;;;;;;270;4975;
271;5178;;;;;271;5745;;;;;271;6078;;;;;;;;;;271;5984;;;;;;;;;;271;5602;;;;;;;;;;271;5307;;;;;;;;;;271;4814;;;;;;;;;;271;4874;
272;5214;;;;;272;5631;;;;;272;6071;;;;;;;;;;272;5848;;;;;;;;;;272;5538;;;;;;;;;;272;5081;;;;;;;;;;272;4897;;;;;;;;;;272;5008;
273;5185;;;;;273;5776;;;;;273;6089;;;;;;;;;;273;5957;;;;;;;;;;273;5580;;;;;;;;;;273;5166;;;;;;;;;;273;4953;;;;;;;;;;273;5021;
274;5232;;;;;274;5796;;;;;274;5950;;;;;;;;;;274;6040;;;;;;;;;;274;5537;;;;;;;;;;274;5118;;;;;;;;;;274;4919;;;;;;;;;;274;4969;
275;5132;;;;;275;5774;;;;;275;6000;;;;;;;;;;275;5959;;;;;;;;;;275;5579;;;;;;;;;;275;5118;;;;;;;;;;275;4845;;;;;;;;;;275;4997;
276;5292;;;;;276;5747;;;;;276;6016;;;;;;;;;;276;5982;;;;;;;;;;276;5809;;;;;;;;;;276;5302;;;;;;;;;;276;4933;;;;;;;;;;276;5003;
277;5362;;;;;277;5809;;;;;277;6079;;;;;;;;;;277;5863;;;;;;;;;;277;5662;;;;;;;;;;277;5201;;;;;;;;;;277;4975;;;;;;;;;;277;5033;
278;5391;;;;;278;5945;;;;;278;6116;;;;;;;;;;278;5998;;;;;;;;;;278;5666;;;;;;;;;;278;5445;;;;;;;;;;278;5038;;;;;;;;;;278;4988;
279;5438;;;;;279;5910;;;;;279;6116;;;;;;;;;;279;6056;;;;;;;;;;279;5575;;;;;;;;;;279;5131;;;;;;;;;;279;5106;;;;;;;;;;279;5086;
280;5645;;;;;280;6100;;;;;280;6281;;;;;;;;;;280;5919;;;;;;;;;;280;5844;;;;;;;;;;280;5353;;;;;;;;;;280;5110;;;;;;;;;;280;5249;
281;5715;;;;;281;6100;;;;;281;6149;;;;;;;;;;281;6225;;;;;;;;;;281;5797;;;;;;;;;;281;5433;;;;;;;;;;281;5179;;;;;;;;;;281;5188;
282;5938;;;;;282;6296;;;;;282;6460;;;;;;;;;;282;6281;;;;;;;;;;282;6069;;;;;;;;;;282;5606;;;;;;;;;;282;5333;;;;;;;;;;282;5373;
283;5830;;;;;283;6570;;;;;283;6735;;;;;;;;;;283;6555;;;;;;;;;;283;6223;;;;;;;;;;283;5681;;;;;;;;;;283;5608;;;;;;;;;;283;5482;
284;6401;;;;;284;6984;;;;;284;6896;;;;;;;;;;284;6779;;;;;;;;;;284;6536;;;;;;;;;;284;5974;;;;;;;;;;284;5763;;;;;;;;;;284;5976;
285;6813;;;;;285;7219;;;;;285;7181;;;;;;;;;;285;7093;;;;;;;;;;285;6703;;;;;;;;;;285;6298;;;;;;;;;;285;6184;;;;;;;;;;285;6084;
286;7254;;;;;286;7716;;;;;286;7518;;;;;;;;;;286;7407;;;;;;;;;;286;7103;;;;;;;;;;286;6650;;;;;;;;;;286;6576;;;;;;;;;;286;6511;
287;7770;;;;;287;8433;;;;;287;8010;;;;;;;;;;287;8159;;;;;;;;;;287;7673;;;;;;;;;;287;7071;;;;;;;;;;287;6986;;;;;;;;;;287;6936;
288;8175;;;;;288;8726;;;;;288;8659;;;;;;;;;;288;8524;;;;;;;;;;288;8347;;;;;;;;;;288;7511;;;;;;;;;;288;7367;;;;;;;;;;288;7491;
289;8693;;;;;289;9205;;;;;289;9074;;;;;;;;;;289;9053;;;;;;;;;;289;8628;;;;;;;;;;289;8138;;;;;;;;;;289;7896;;;;;;;;;;289;7912;
290;9115;;;;;290;9716;;;;;290;9405;;;;;;;;;;290;9512;;;;;;;;;;290;9204;;;;;;;;;;290;8656;;;;;;;;;;290;8438;;;;;;;;;;290;8475;
291;9512;;;;;291;10303;;;;;291;10035;;;;;;;;;;291;9838;;;;;;;;;;291;9469;;;;;;;;;;291;9140;;;;;;;;;;291;8730;;;;;;;;;;291;8795;
292;9739;;;;;292;10568;;;;;292;10333;;;;;;;;;;292;10425;;;;;;;;;;292;10006;;;;;;;;;;292;9407;;;;;;;;;;292;9216;;;;;;;;;;292;9065;
293;10078;;;;;293;10772;;;;;293;10554;;;;;;;;;;293;10539;;;;;;;;;;293;10460;;;;;;;;;;293;9749;;;;;;;;;;293;9637;;;;;;;;;;293;9660;
294;10360;;;;;294;10944;;;;;294;10889;;;;;;;;;;294;10937;;;;;;;;;;294;10490;;;;;;;;;;294;9965;;;;;;;;;;294;9727;;;;;;;;;;294;9823;
295;10246;;;;;295;10763;;;;;295;11140;;;;;;;;;;295;11348;;;;;;;;;;295;10582;;;;;;;;;;295;10124;;;;;;;;;;295;10078;;;;;;;;;;295;10041;
296;10152;;;;;296;10679;;;;;296;11190;;;;;;;;;;296;11103;;;;;;;;;;296;10713;;;;;;;;;;296;10111;;;;;;;;;;296;9973;;;;;;;;;;296;9849;
297;9873;;;;;297;10148;;;;;297;11020;;;;;;;;;;297;11076;;;;;;;;;;297;10719;;;;;;;;;;297;10269;;;;;;;;;;297;9991;;;;;;;;;;297;9755;
298;9399;;;;;298;9977;;;;;298;10792;;;;;;;;;;298;10930;;;;;;;;;;298;10319;;;;;;;;;;298;9841;;;;;;;;;;298;9691;;;;;;;;;;298;9745;
299;8562;;;;;299;9262;;;;;299;10159;;;;;;;;;;299;10123;;;;;;;;;;299;9934;;;;;;;;;;299;9328;;;;;;;;;;299;9210;;;;;;;;;;299;9173;
300;8123;;;;;300;8533;;;;;300;9684;;;;;;;;;;300;9369;;;;;;;;;;300;9104;;;;;;;;;;300;8629;;;;;;;;;;300;8575;;;;;;;;;;300;8848;
301;7313;;;;;301;7813;;;;;301;8632;;;;;;;;;;301;8731;;;;;;;;;;301;8515;;;;;;;;;;301;8074;;;;;;;;;;301;7912;;;;;;;;;;301;7894;
302;6536;;;;;302;7130;;;;;302;8024;;;;;;;;;;302;7951;;;;;;;;;;302;7745;;;;;;;;;;302;7226;;;;;;;;;;302;7187;;;;;;;;;;302;7105;
303;6125;;;;;303;6374;;;;;303;7274;;;;;;;;;;303;7169;;;;;;;;;;303;6979;;;;;;;;;;303;6587;;;;;;;;;;303;6605;;;;;;;;;;303;6567;
304;5728;;;;;304;6102;;;;;304;6788;;;;;;;;;;304;6657;;;;;;;;;;304;6626;;;;;;;;;;304;6076;;;;;;;;;;304;5962;;;;;;;;;;304;5927;
305;5343;;;;;305;5874;;;;;305;6239;;;;;;;;;;305;6295;;;;;;;;;;305;6008;;;;;;;;;;305;5599;;;;;;;;;;305;5591;;;;;;;;;;305;5665;
306;5299;;;;;306;5643;;;;;306;5966;;;;;;;;;;306;6024;;;;;;;;;;306;5657;;;;;;;;;;306;5272;;;;;;;;;;306;5183;;;;;;;;;;306;5277;
307;5065;;;;;307;5385;;;;;307;5648;;;;;;;;;;307;5704;;;;;;;;;;307;5580;;;;;;;;;;307;5219;;;;;;;;;;307;5009;;;;;;;;;;307;5049;
308;5046;;;;;308;5457;;;;;308;5624;;;;;;;;;;308;5550;;;;;;;;;;308;5450;;;;;;;;;;308;5202;;;;;;;;;;308;4914;;;;;;;;;;308;4923;
309;5012;;;;;309;5320;;;;;309;5549;;;;;;;;;;309;5634;;;;;;;;;;309;5291;;;;;;;;;;309;5048;;;;;;;;;;309;4811;;;;;;;;;;309;4835;
310;4972;;;;;310;5350;;;;;310;5444;;;;;;;;;;310;5470;;;;;;;;;;310;5379;;;;;;;;;;310;4974;;;;;;;;;;310;4917;;;;;;;;;;310;4688;
311;4947;;;;;311;5318;;;;;311;5448;;;;;;;;;;311;5361;;;;;;;;;;311;5216;;;;;;;;;;311;5030;;;;;;;;;;311;4742;;;;;;;;;;311;4968;
312;4871;;;;;312;5262;;;;;312;5388;;;;;;;;;;312;5368;;;;;;;;;;312;5061;;;;;;;;;;312;4821;;;;;;;;;;312;4887;;;;;;;;;;312;4956;
313;4912;;;;;313;5175;;;;;313;5486;;;;;;;;;;313;5429;;;;;;;;;;313;5254;;;;;;;;;;313;5030;;;;;;;;;;313;4712;;;;;;;;;;313;4841;
314;4821;;;;;314;5164;;;;;314;5391;;;;;;;;;;314;5297;;;;;;;;;;314;5127;;;;;;;;;;314;4968;;;;;;;;;;314;4838;;;;;;;;;;314;4861;
315;4954;;;;;315;5209;;;;;315;5371;;;;;;;;;;315;5283;;;;;;;;;;315;5116;;;;;;;;;;315;4986;;;;;;;;;;315;4742;;;;;;;;;;315;4872;
316;4930;;;;;316;5156;;;;;316;5263;;;;;;;;;;316;5344;;;;;;;;;;316;5079;;;;;;;;;;316;4886;;;;;;;;;;316;4709;;;;;;;;;;316;4803;
317;4955;;;;;317;5270;;;;;317;5372;;;;;;;;;;317;5429;;;;;;;;;;317;5073;;;;;;;;;;317;4883;;;;;;;;;;317;4800;;;;;;;;;;317;4696;
318;4855;;;;;318;5343;;;;;318;5325;;;;;;;;;;318;5286;;;;;;;;;;318;5044;;;;;;;;;;318;5038;;;;;;;;;;318;4747;;;;;;;;;;318;4668;
319;4995;;;;;319;5160;;;;;319;5439;;;;;;;;;;319;5295;;;;;;;;;;319;5148;;;;;;;;;;319;5003;;;;;;;;;;319;4742;;;;;;;;;;319;4785;
320;4974;;;;;320;5235;;;;;320;5380;;;;;;;;;;320;5183;;;;;;;;;;320;5183;;;;;;;;;;320;4865;;;;;;;;;;320;4772;;;;;;;;;;320;4703;
321;4940;;;;;321;5167;;;;;321;5429;;;;;;;;;;321;5329;;;;;;;;;;321;4974;;;;;;;;;;321;4850;;;;;;;;;;321;4707;;;;;;;;;;321;4881;
322;5021;;;;;322;5199;;;;;322;5387;;;;;;;;;;322;5358;;;;;;;;;;322;5117;;;;;;;;;;322;4812;;;;;;;;;;322;4737;;;;;;;;;;322;4673;
323;5009;;;;;323;5492;;;;;323;5359;;;;;;;;;;323;5413;;;;;;;;;;323;5148;;;;;;;;;;323;4888;;;;;;;;;;323;4917;;;;;;;;;;323;4978;
324;5092;;;;;324;5384;;;;;324;5347;;;;;;;;;;324;5331;;;;;;;;;;324;5271;;;;;;;;;;324;4986;;;;;;;;;;324;4799;;;;;;;;;;324;4945;
325;5120;;;;;325;5493;;;;;325;5421;;;;;;;;;;325;5402;;;;;;;;;;325;5237;;;;;;;;;;325;4963;;;;;;;;;;325;4886;;;;;;;;;;325;4931;
326;5127;;;;;326;5345;;;;;326;5570;;;;;;;;;;326;5359;;;;;;;;;;326;5224;;;;;;;;;;326;5130;;;;;;;;;;326;5033;;;;;;;;;;326;5006;
327;5473;;;;;327;5620;;;;;327;5512;;;;;;;;;;327;5511;;;;;;;;;;327;5520;;;;;;;;;;327;4986;;;;;;;;;;327;5099;;;;;;;;;;327;5013;
328;5437;;;;;328;5809;;;;;328;5711;;;;;;;;;;328;5633;;;;;;;;;;328;5556;;;;;;;;;;328;5192;;;;;;;;;;328;5309;;;;;;;;;;328;5040;
329;5590;;;;;329;5926;;;;;329;5790;;;;;;;;;;329;5827;;;;;;;;;;329;5564;;;;;;;;;;329;5446;;;;;;;;;;329;5313;;;;;;;;;;329;5175;
330;5762;;;;;330;6093;;;;;330;5919;;;;;;;;;;330;5915;;;;;;;;;;330;5595;;;;;;;;;;330;5534;;;;;;;;;;330;5520;;;;;;;;;;330;5395;
331;5946;;;;;331;6162;;;;;331;6203;;;;;;;;;;331;6089;;;;;;;;;;331;5923;;;;;;;;;;331;5782;;;;;;;;;;331;5526;;;;;;;;;;331;5671;
332;6335;;;;;332;6503;;;;;332;6273;;;;;;;;;;332;6277;;;;;;;;;;332;6063;;;;;;;;;;332;5995;;;;;;;;;;332;5916;;;;;;;;;;332;5805;
333;6381;;;;;333;6531;;;;;333;6525;;;;;;;;;;333;6337;;;;;;;;;;333;6113;;;;;;;;;;333;6091;;;;;;;;;;333;6048;;;;;;;;;;333;5973;
334;6363;;;;;334;6664;;;;;334;6610;;;;;;;;;;334;6593;;;;;;;;;;334;6433;;;;;;;;;;334;6059;;;;;;;;;;334;6213;;;;;;;;;;334;6170;
335;6527;;;;;335;6630;;;;;335;6704;;;;;;;;;;335;6514;;;;;;;;;;335;6477;;;;;;;;;;335;6298;;;;;;;;;;335;6258;;;;;;;;;;335;6352;
336;6346;;;;;336;6714;;;;;336;6767;;;;;;;;;;336;6693;;;;;;;;;;336;6650;;;;;;;;;;336;6573;;;;;;;;;;336;6347;;;;;;;;;;336;6517;
337;6208;;;;;337;6523;;;;;337;6842;;;;;;;;;;337;6879;;;;;;;;;;337;6673;;;;;;;;;;337;6331;;;;;;;;;;337;6152;;;;;;;;;;337;6279;
338;6006;;;;;338;6262;;;;;338;6687;;;;;;;;;;338;6539;;;;;;;;;;338;6224;;;;;;;;;;338;6173;;;;;;;;;;338;6219;;;;;;;;;;338;6199;
339;5825;;;;;339;6075;;;;;339;6439;;;;;;;;;;339;6387;;;;;;;;;;339;6171;;;;;;;;;;339;6113;;;;;;;;;;339;5985;;;;;;;;;;339;5984;
340;5555;;;;;340;5799;;;;;340;6033;;;;;;;;;;340;6032;;;;;;;;;;340;6075;;;;;;;;;;340;5796;;;;;;;;;;340;5695;;;;;;;;;;340;5848;
341;5436;;;;;341;5694;;;;;341;5936;;;;;;;;;;341;5925;;;;;;;;;;341;5683;;;;;;;;;;341;5542;;;;;;;;;;341;5467;;;;;;;;;;341;5628;
342;5288;;;;;342;5488;;;;;342;5637;;;;;;;;;;342;5585;;;;;;;;;;342;5547;;;;;;;;;;342;5322;;;;;;;;;;342;5336;;;;;;;;;;342;5358;
343;5143;;;;;343;5311;;;;;343;5508;;;;;;;;;;343;5463;;;;;;;;;;343;5263;;;;;;;;;;343;5097;;;;;;;;;;343;5153;;;;;;;;;;343;5066;
344;4927;;;;;344;5180;;;;;344;5409;;;;;;;;;;344;5298;;;;;;;;;;344;5253;;;;;;;;;;344;5002;;;;;;;;;;344;4861;;;;;;;;;;344;5019;
345;4850;;;;;345;4934;;;;;345;5181;;;;;;;;;;345;5331;;;;;;;;;;345;5034;;;;;;;;;;345;4996;;;;;;;;;;345;4798;;;;;;;;;;345;4843;
346;4656;;;;;346;4872;;;;;346;5117;;;;;;;;;;346;4925;;;;;;;;;;346;5065;;;;;;;;;;346;4826;;;;;;;;;;346;4822;;;;;;;;;;346;4699;
347;4652;;;;;347;4769;;;;;347;4860;;;;;;;;;;347;5046;;;;;;;;;;347;4862;;;;;;;;;;347;4715;;;;;;;;;;347;4590;;;;;;;;;;347;4582;
348;4485;;;;;348;4709;;;;;348;4885;;;;;;;;;;348;4792;;;;;;;;;;348;4699;;;;;;;;;;348;4532;;;;;;;;;;348;4613;;;;;;;;;;348;4465;
349;4357;;;;;349;4526;;;;;349;4619;;;;;;;;;;349;4675;;;;;;;;;;349;4581;;;;;;;;;;349;4477;;;;;;;;;;349;4398;;;;;;;;;;349;4398;
350;4298;;;;;350;4405;;;;;350;4703;;;;;;;;;;350;4519;;;;;;;;;;350;4477;;;;;;;;;;350;4372;;;;;;;;;;350;4275;;;;;;;;;;350;4167;
351;4219;;;;;351;4320;;;;;351;4624;;;;;;;;;;351;4404;;;;;;;;;;351;4227;;;;;;;;;;351;4201;;;;;;;;;;351;4158;;;;;;;;;;351;4179;
352;4089;;;;;352;4257;;;;;352;4465;;;;;;;;;;352;4472;;;;;;;;;;352;4187;;;;;;;;;;352;4138;;;;;;;;;;352;4157;;;;;;;;;;352;4154;
353;3979;;;;;353;4171;;;;;353;4426;;;;;;;;;;353;4246;;;;;;;;;;353;4142;;;;;;;;;;353;4081;;;;;;;;;;353;4056;;;;;;;;;;353;4072;
354;3932;;;;;354;4056;;;;;354;4268;;;;;;;;;;354;4298;;;;;;;;;;354;4116;;;;;;;;;;354;3910;;;;;;;;;;354;3777;;;;;;;;;;354;3903;
355;3986;;;;;355;4053;;;;;355;4086;;;;;;;;;;355;4199;;;;;;;;;;355;4017;;;;;;;;;;355;3968;;;;;;;;;;355;3826;;;;;;;;;;355;4014;
356;3851;;;;;356;4089;;;;;356;4099;;;;;;;;;;356;4101;;;;;;;;;;356;4000;;;;;;;;;;356;3834;;;;;;;;;;356;3933;;;;;;;;;;356;3754;
357;3886;;;;;357;4013;;;;;357;4079;;;;;;;;;;357;4050;;;;;;;;;;357;3928;;;;;;;;;;357;3938;;;;;;;;;;357;3773;;;;;;;;;;357;3819;
358;3989;;;;;358;4088;;;;;358;4089;;;;;;;;;;358;4013;;;;;;;;;;358;4007;;;;;;;;;;358;3788;;;;;;;;;;358;3742;;;;;;;;;;358;3754;
359;3867;;;;;359;3998;;;;;359;4114;;;;;;;;;;359;4063;;;;;;;;;;359;3825;;;;;;;;;;359;3845;;;;;;;;;;359;3686;;;;;;;;;;359;3820;
360;3790;;;;;360;3960;;;;;360;4041;;;;;;;;;;360;4134;;;;;;;;;;360;3925;;;;;;;;;;360;3779;;;;;;;;;;360;3709;;;;;;;;;;360;3772;
361;3803;;;;;361;3990;;;;;361;3986;;;;;;;;;;361;4086;;;;;;;;;;361;3977;;;;;;;;;;361;3740;;;;;;;;;;361;3710;;;;;;;;;;361;3824;
362;3787;;;;;362;3981;;;;;362;4003;;;;;;;;;;362;4057;;;;;;;;;;362;3899;;;;;;;;;;362;3731;;;;;;;;;;362;3759;;;;;;;;;;362;3726;
363;3926;;;;;363;3945;;;;;363;4069;;;;;;;;;;363;3874;;;;;;;;;;363;3794;;;;;;;;;;363;3631;;;;;;;;;;363;3657;;;;;;;;;;363;3768;
364;3790;;;;;364;3936;;;;;364;4078;;;;;;;;;;364;3999;;;;;;;;;;364;3850;;;;;;;;;;364;3723;;;;;;;;;;364;3651;;;;;;;;;;364;3783;
365;3667;;;;;365;3870;;;;;365;3971;;;;;;;;;;365;3891;;;;;;;;;;365;3727;;;;;;;;;;365;3705;;;;;;;;;;365;3623;;;;;;;;;;365;3649;
366;3753;;;;;366;3797;;;;;366;3985;;;;;;;;;;366;4037;;;;;;;;;;366;3650;;;;;;;;;;366;3663;;;;;;;;;;366;3689;;;;;;;;;;366;3692;
367;3691;;;;;367;3820;;;;;367;3914;;;;;;;;;;367;3781;;;;;;;;;;367;3777;;;;;;;;;;367;3698;;;;;;;;;;367;3664;;;;;;;;;;367;3769;
368;3810;;;;;368;3743;;;;;368;3953;;;;;;;;;;368;3839;;;;;;;;;;368;3789;;;;;;;;;;368;3590;;;;;;;;;;368;3703;;;;;;;;;;368;3723;
369;3706;;;;;369;3731;;;;;369;3905;;;;;;;;;;369;3767;;;;;;;;;;369;3740;;;;;;;;;;369;3545;;;;;;;;;;369;3553;;;;;;;;;;369;3578;
370;3697;;;;;370;3846;;;;;370;3880;;;;;;;;;;370;3787;;;;;;;;;;370;3721;;;;;;;;;;370;3562;;;;;;;;;;370;3519;;;;;;;;;;370;3650;
371;3764;;;;;371;3831;;;;;371;3881;;;;;;;;;;371;3661;;;;;;;;;;371;3636;;;;;;;;;;371;3596;;;;;;;;;;371;3723;;;;;;;;;;371;3636;
372;3540;;;;;372;3738;;;;;372;3749;;;;;;;;;;372;3704;;;;;;;;;;372;3707;;;;;;;;;;372;3541;;;;;;;;;;372;3464;;;;;;;;;;372;3620;
373;3581;;;;;373;3701;;;;;373;3810;;;;;;;;;;373;3852;;;;;;;;;;373;3590;;;;;;;;;;373;3567;;;;;;;;;;373;3426;;;;;;;;;;373;3486;
374;3665;;;;;374;3723;;;;;374;3787;;;;;;;;;;374;3613;;;;;;;;;;374;3621;;;;;;;;;;374;3583;;;;;;;;;;374;3420;;;;;;;;;;374;3704;
375;3426;;;;;375;3565;;;;;375;3649;;;;;;;;;;375;3573;;;;;;;;;;375;3624;;;;;;;;;;375;3477;;;;;;;;;;375;3505;;;;;;;;;;375;3541;
376;3478;;;;;376;3574;;;;;376;3643;;;;;;;;;;376;3664;;;;;;;;;;376;3537;;;;;;;;;;376;3507;;;;;;;;;;376;3497;;;;;;;;;;376;3583;
377;3569;;;;;377;3644;;;;;377;3601;;;;;;;;;;377;3608;;;;;;;;;;377;3693;;;;;;;;;;377;3352;;;;;;;;;;377;3459;;;;;;;;;;377;3479;
378;3511;;;;;378;3451;;;;;378;3665;;;;;;;;;;378;3530;;;;;;;;;;378;3471;;;;;;;;;;378;3425;;;;;;;;;;378;3411;;;;;;;;;;378;3407;
379;3402;;;;;379;3484;;;;;379;3635;;;;;;;;;;379;3591;;;;;;;;;;379;3527;;;;;;;;;;379;3424;;;;;;;;;;379;3384;;;;;;;;;;379;3548;
380;3363;;;;;380;3590;;;;;380;3597;;;;;;;;;;380;3589;;;;;;;;;;380;3465;;;;;;;;;;380;3372;;;;;;;;;;380;3295;;;;;;;;;;380;3420;
381;3369;;;;;381;3542;;;;;381;3628;;;;;;;;;;381;3469;;;;;;;;;;381;3497;;;;;;;;;;381;3480;;;;;;;;;;381;3225;;;;;;;;;;381;3308;
382;3415;;;;;382;3441;;;;;382;3525;;;;;;;;;;382;3476;;;;;;;;;;382;3349;;;;;;;;;;382;3279;;;;;;;;;;382;3358;;;;;;;;;;382;3304;
383;3322;;;;;383;3446;;;;;383;3490;;;;;;;;;;383;3458;;;;;;;;;;383;3399;;;;;;;;;;383;3296;;;;;;;;;;383;3294;;;;;;;;;;383;3286;
384;3304;;;;;384;3426;;;;;384;3420;;;;;;;;;;384;3401;;;;;;;;;;384;3387;;;;;;;;;;384;3348;;;;;;;;;;384;3293;;;;;;;;;;384;3251;
385;3140;;;;;385;3313;;;;;385;3429;;;;;;;;;;385;3400;;;;;;;;;;385;3312;;;;;;;;;;385;3221;;;;;;;;;;385;3264;;;;;;;;;;385;3266;
386;3306;;;;;386;3370;;;;;386;3353;;;;;;;;;;386;3308;;;;;;;;;;386;3271;;;;;;;;;;386;3285;;;;;;;;;;386;3222;;;;;;;;;;386;3152;
387;3185;;;;;387;3328;;;;;387;3506;;;;;;;;;;387;3297;;;;;;;;;;387;3251;;;;;;;;;;387;3144;;;;;;;;;;387;3189;;;;;;;;;;387;3180;
388;3070;;;;;388;3195;;;;;388;3382;;;;;;;;;;388;3406;;;;;;;;;;388;3231;;;;;;;;;;388;3166;;;;;;;;;;388;3240;;;;;;;;;;388;3123;
389;3166;;;;;389;3273;;;;;389;3438;;;;;;;;;;389;3211;;;;;;;;;;389;3285;;;;;;;;;;389;3135;;;;;;;;;;389;3132;;;;;;;;;;389;3087;
390;2991;;;;;390;3191;;;;;390;3318;;;;;;;;;;390;3213;;;;;;;;;;390;3145;;;;;;;;;;390;3043;;;;;;;;;;390;3136;;;;;;;;;;390;3116;
391;3017;;;;;391;3141;;;;;391;3077;;;;;;;;;;391;3100;;;;;;;;;;391;3075;;;;;;;;;;391;3034;;;;;;;;;;391;3000;;;;;;;;;;391;3047;
392;2986;;;;;392;3026;;;;;392;3060;;;;;;;;;;392;3131;;;;;;;;;;392;3065;;;;;;;;;;392;2958;;;;;;;;;;392;2929;;;;;;;;;;392;3027;
393;2861;;;;;393;2993;;;;;393;3173;;;;;;;;;;393;3193;;;;;;;;;;393;3056;;;;;;;;;;393;2885;;;;;;;;;;393;2979;;;;;;;;;;393;3007;
394;2825;;;;;394;3045;;;;;394;3051;;;;;;;;;;394;2958;;;;;;;;;;394;2956;;;;;;;;;;394;2841;;;;;;;;;;394;2856;;;;;;;;;;394;2901;
395;2752;;;;;395;2758;;;;;395;2960;;;;;;;;;;395;3044;;;;;;;;;;395;2817;;;;;;;;;;395;2799;;;;;;;;;;395;2848;;;;;;;;;;395;2815;
396;2636;;;;;396;2842;;;;;396;2950;;;;;;;;;;396;2973;;;;;;;;;;396;2806;;;;;;;;;;396;2727;;;;;;;;;;396;2798;;;;;;;;;;396;2780;
397;2566;;;;;397;2707;;;;;397;2957;;;;;;;;;;397;2847;;;;;;;;;;397;2745;;;;;;;;;;397;2638;;;;;;;;;;397;2629;;;;;;;;;;397;2560;
398;2385;;;;;398;2591;;;;;398;2826;;;;;;;;;;398;2838;;;;;;;;;;398;2688;;;;;;;;;;398;2527;;;;;;;;;;398;2557;;;;;;;;;;398;2469;
399;2280;;;;;399;2488;;;;;399;2738;;;;;;;;;;399;2624;;;;;;;;;;399;2661;;;;;;;;;;399;2435;;;;;;;;;;399;2376;;;;;;;;;;399;2428;
400;2299;;;;;400;2455;;;;;400;2571;;;;;;;;;;400;2562;;;;;;;;;;400;2492;;;;;;;;;;400;2365;;;;;;;;;;400;2413;;;;;;;;;;400;2349;
401;2110;;;;;401;2312;;;;;401;2553;;;;;;;;;;401;2510;;;;;;;;;;401;2379;;;;;;;;;;401;2198;;;;;;;;;;401;2156;;;;;;;;;;401;2137;
402;1944;;;;;402;2162;;;;;402;2437;;;;;;;;;;402;2390;;;;;;;;;;402;2312;;;;;;;;;;402;2129;;;;;;;;;;402;2044;;;;;;;;;;402;1965;
403;1860;;;;;403;2119;;;;;403;2192;;;;;;;;;;403;2194;;;;;;;;;;403;2161;;;;;;;;;;403;1980;;;;;;;;;;403;1811;;;;;;;;;;403;1902;
404;1678;;;;;404;2039;;;;;404;2121;;;;;;;;;;404;2082;;;;;;;;;;404;1969;;;;;;;;;;404;1869;;;;;;;;;;404;1808;;;;;;;;;;404;1769;
405;1628;;;;;405;1799;;;;;405;2027;;;;;;;;;;405;2029;;;;;;;;;;405;1815;;;;;;;;;;405;1667;;;;;;;;;;405;1734;;;;;;;;;;405;1590;
406;1534;;;;;406;1784;;;;;406;1999;;;;;;;;;;406;1964;;;;;;;;;;406;1829;;;;;;;;;;406;1607;;;;;;;;;;406;1505;;;;;;;;;;406;1490;
407;1480;;;;;407;1779;;;;;407;1885;;;;;;;;;;407;1870;;;;;;;;;;407;1666;;;;;;;;;;407;1512;;;;;;;;;;407;1374;;;;;;;;;;407;1404;
408;1418;;;;;408;1596;;;;;408;1802;;;;;;;;;;408;1867;;;;;;;;;;408;1628;;;;;;;;;;408;1491;;;;;;;;;;408;1301;;;;;;;;;;408;1376;
409;1367;;;;;409;1691;;;;;409;1824;;;;;;;;;;409;1822;;;;;;;;;;409;1644;;;;;;;;;;409;1301;;;;;;;;;;409;1299;;;;;;;;;;409;1347;
410;1327;;;;;410;1636;;;;;410;1723;;;;;;;;;;410;1702;;;;;;;;;;410;1526;;;;;;;;;;410;1308;;;;;;;;;;410;1194;;;;;;;;;;410;1179;
411;1322;;;;;411;1578;;;;;411;1693;;;;;;;;;;411;1702;;;;;;;;;;411;1493;;;;;;;;;;411;1242;;;;;;;;;;411;1143;;;;;;;;;;411;1249;
412;1364;;;;;412;1619;;;;;412;1699;;;;;;;;;;412;1660;;;;;;;;;;412;1423;;;;;;;;;;412;1258;;;;;;;;;;412;1155;;;;;;;;;;412;1233;
413;1341;;;;;413;1535;;;;;413;1717;;;;;;;;;;413;1633;;;;;;;;;;413;1557;;;;;;;;;;413;1261;;;;;;;;;;413;1164;;;;;;;;;;413;1173;
414;1323;;;;;414;1601;;;;;414;1614;;;;;;;;;;414;1586;;;;;;;;;;414;1426;;;;;;;;;;414;1214;;;;;;;;;;414;1177;;;;;;;;;;414;1187;
415;1262;;;;;415;1551;;;;;415;1617;;;;;;;;;;415;1661;;;;;;;;;;415;1406;;;;;;;;;;415;1283;;;;;;;;;;415;1165;;;;;;;;;;415;1149;
416;1264;;;;;416;1527;;;;;416;1565;;;;;;;;;;416;1614;;;;;;;;;;416;1451;;;;;;;;;;416;1252;;;;;;;;;;416;1140;;;;;;;;;;416;1084;
417;1271;;;;;417;1493;;;;;417;1638;;;;;;;;;;417;1624;;;;;;;;;;417;1398;;;;;;;;;;417;1250;;;;;;;;;;417;1084;;;;;;;;;;417;1222;
418;1203;;;;;418;1475;;;;;418;1594;;;;;;;;;;418;1495;;;;;;;;;;418;1381;;;;;;;;;;418;1230;;;;;;;;;;418;1138;;;;;;;;;;418;1151;
419;1208;;;;;419;1445;;;;;419;1629;;;;;;;;;;419;1603;;;;;;;;;;419;1362;;;;;;;;;;419;1140;;;;;;;;;;419;1105;;;;;;;;;;419;1122;
420;1164;;;;;420;1463;;;;;420;1635;;;;;;;;;;420;1554;;;;;;;;;;420;1388;;;;;;;;;;420;1228;;;;;;;;;;420;1112;;;;;;;;;;420;1167;
421;1217;;;;;421;1484;;;;;421;1590;;;;;;;;;;421;1577;;;;;;;;;;421;1361;;;;;;;;;;421;1183;;;;;;;;;;421;1132;;;;;;;;;;421;1105;
422;1210;;;;;422;1590;;;;;422;1537;;;;;;;;;;422;1505;;;;;;;;;;422;1422;;;;;;;;;;422;1118;;;;;;;;;;422;1061;;;;;;;;;;422;1175;
423;1239;;;;;423;1482;;;;;423;1581;;;;;;;;;;423;1479;;;;;;;;;;423;1347;;;;;;;;;;423;1132;;;;;;;;;;423;986;;;;;;;;;;423;1125;
424;1150;;;;;424;1410;;;;;424;1493;;;;;;;;;;424;1557;;;;;;;;;;424;1344;;;;;;;;;;424;1179;;;;;;;;;;424;1043;;;;;;;;;;424;1087;
425;1138;;;;;425;1450;;;;;425;1592;;;;;;;;;;425;1443;;;;;;;;;;425;1329;;;;;;;;;;425;1133;;;;;;;;;;425;1020;;;;;;;;;;425;1104;
426;1254;;;;;426;1339;;;;;426;1480;;;;;;;;;;426;1479;;;;;;;;;;426;1318;;;;;;;;;;426;1096;;;;;;;;;;426;1036;;;;;;;;;;426;1052;
427;1131;;;;;427;1361;;;;;427;1541;;;;;;;;;;427;1467;;;;;;;;;;427;1334;;;;;;;;;;427;1091;;;;;;;;;;427;1015;;;;;;;;;;427;1098;
428;1176;;;;;428;1403;;;;;428;1455;;;;;;;;;;428;1410;;;;;;;;;;428;1265;;;;;;;;;;428;1181;;;;;;;;;;428;1032;;;;;;;;;;428;1069;
429;1103;;;;;429;1304;;;;;429;1465;;;;;;;;;;429;1438;;;;;;;;;;429;1247;;;;;;;;;;429;1041;;;;;;;;;;429;1006;;;;;;;;;;429;1058;
430;1149;;;;;430;1406;;;;;430;1396;;;;;;;;;;430;1404;;;;;;;;;;430;1197;;;;;;;;;;430;1140;;;;;;;;;;430;1019;;;;;;;;;;430;1069;
431;1141;;;;;431;1291;;;;;431;1383;;;;;;;;;;431;1392;;;;;;;;;;431;1242;;;;;;;;;;431;1086;;;;;;;;;;431;1002;;;;;;;;;;431;1053;
432;1123;;;;;432;1222;;;;;432;1418;;;;;;;;;;432;1430;;;;;;;;;;432;1232;;;;;;;;;;432;1130;;;;;;;;;;432;1018;;;;;;;;;;432;1016;
433;1091;;;;;433;1269;;;;;433;1431;;;;;;;;;;433;1407;;;;;;;;;;433;1211;;;;;;;;;;433;1078;;;;;;;;;;433;953;;;;;;;;;;433;949;
434;1098;;;;;434;1292;;;;;434;1363;;;;;;;;;;434;1332;;;;;;;;;;434;1246;;;;;;;;;;434;1060;;;;;;;;;;434;939;;;;;;;;;;434;987;
435;1070;;;;;435;1252;;;;;435;1377;;;;;;;;;;435;1315;;;;;;;;;;435;1241;;;;;;;;;;435;1002;;;;;;;;;;435;967;;;;;;;;;;435;935;
436;1054;;;;;436;1326;;;;;436;1413;;;;;;;;;;436;1290;;;;;;;;;;436;1227;;;;;;;;;;436;974;;;;;;;;;;436;961;;;;;;;;;;436;1051;
437;1061;;;;;437;1261;;;;;437;1351;;;;;;;;;;437;1293;;;;;;;;;;437;1130;;;;;;;;;;437;1055;;;;;;;;;;437;944;;;;;;;;;;437;985;
438;1079;;;;;438;1250;;;;;438;1293;;;;;;;;;;438;1290;;;;;;;;;;438;1137;;;;;;;;;;438;1000;;;;;;;;;;438;953;;;;;;;;;;438;964;
439;1010;;;;;439;1194;;;;;439;1317;;;;;;;;;;439;1230;;;;;;;;;;439;1146;;;;;;;;;;439;929;;;;;;;;;;439;907;;;;;;;;;;439;962;
440;1069;;;;;440;1163;;;;;440;1271;;;;;;;;;;440;1239;;;;;;;;;;440;1077;;;;;;;;;;440;1018;;;;;;;;;;440;891;;;;;;;;;;440;937;
441;1004;;;;;441;1129;;;;;441;1248;;;;;;;;;;441;1194;;;;;;;;;;441;1126;;;;;;;;;;441;980;;;;;;;;;;441;880;;;;;;;;;;441;904;
442;933;;;;;442;1104;;;;;442;1182;;;;;;;;;;442;1214;;;;;;;;;;442;1090;;;;;;;;;;442;942;;;;;;;;;;442;865;;;;;;;;;;442;945;
443;947;;;;;443;1102;;;;;443;1287;;;;;;;;;;443;1191;;;;;;;;;;443;1047;;;;;;;;;;443;915;;;;;;;;;;443;949;;;;;;;;;;443;899;
444;965;;;;;444;1161;;;;;444;1202;;;;;;;;;;444;1113;;;;;;;;;;444;1055;;;;;;;;;;444;925;;;;;;;;;;444;888;;;;;;;;;;444;938;
445;976;;;;;445;1137;;;;;445;1209;;;;;;;;;;445;1155;;;;;;;;;;445;1104;;;;;;;;;;445;908;;;;;;;;;;445;880;;;;;;;;;;445;912;
446;944;;;;;446;1107;;;;;446;1212;;;;;;;;;;446;1152;;;;;;;;;;446;1022;;;;;;;;;;446;858;;;;;;;;;;446;856;;;;;;;;;;446;866;
447;969;;;;;447;1148;;;;;447;1161;;;;;;;;;;447;1132;;;;;;;;;;447;944;;;;;;;;;;447;922;;;;;;;;;;447;840;;;;;;;;;;447;881;
448;882;;;;;448;1149;;;;;448;1170;;;;;;;;;;448;1101;;;;;;;;;;448;988;;;;;;;;;;448;918;;;;;;;;;;448;808;;;;;;;;;;448;848;
449;922;;;;;449;994;;;;;449;1136;;;;;;;;;;449;1071;;;;;;;;;;449;1011;;;;;;;;;;449;883;;;;;;;;;;449;845;;;;;;;;;;449;871;
450;915;;;;;450;1044;;;;;450;1069;;;;;;;;;;450;1133;;;;;;;;;;450;993;;;;;;;;;;450;855;;;;;;;;;;450;829;;;;;;;;;;450;768;
451;864;;;;;451;1080;;;;;451;1138;;;;;;;;;;451;972;;;;;;;;;;451;908;;;;;;;;;;451;883;;;;;;;;;;451;785;;;;;;;;;;451;830;
452;865;;;;;452;1032;;;;;452;1070;;;;;;;;;;452;1086;;;;;;;;;;452;974;;;;;;;;;;452;864;;;;;;;;;;452;818;;;;;;;;;;452;861;
453;823;;;;;453;1039;;;;;453;1058;;;;;;;;;;453;1063;;;;;;;;;;453;930;;;;;;;;;;453;813;;;;;;;;;;453;780;;;;;;;;;;453;819;
454;848;;;;;454;1031;;;;;454;1073;;;;;;;;;;454;1054;;;;;;;;;;454;912;;;;;;;;;;454;845;;;;;;;;;;454;760;;;;;;;;;;454;789;
455;842;;;;;455;1033;;;;;455;1047;;;;;;;;;;455;990;;;;;;;;;;455;862;;;;;;;;;;455;774;;;;;;;;;;455;775;;;;;;;;;;455;750;
456;864;;;;;456;996;;;;;456;1052;;;;;;;;;;456;995;;;;;;;;;;456;881;;;;;;;;;;456;839;;;;;;;;;;456;714;;;;;;;;;;456;827;
457;779;;;;;457;874;;;;;457;941;;;;;;;;;;457;955;;;;;;;;;;457;917;;;;;;;;;;457;758;;;;;;;;;;457;759;;;;;;;;;;457;803;
458;776;;;;;458;911;;;;;458;993;;;;;;;;;;458;987;;;;;;;;;;458;834;;;;;;;;;;458;781;;;;;;;;;;458;747;;;;;;;;;;458;774;
459;787;;;;;459;916;;;;;459;988;;;;;;;;;;459;884;;;;;;;;;;459;819;;;;;;;;;;459;747;;;;;;;;;;459;685;;;;;;;;;;459;711;
460;748;;;;;460;923;;;;;460;962;;;;;;;;;;460;891;;;;;;;;;;460;832;;;;;;;;;;460;744;;;;;;;;;;460;684;;;;;;;;;;460;747;
461;777;;;;;461;868;;;;;461;953;;;;;;;;;;461;929;;;;;;;;;;461;824;;;;;;;;;;461;738;;;;;;;;;;461;675;;;;;;;;;;461;682;
462;720;;;;;462;819;;;;;462;925;;;;;;;;;;462;874;;;;;;;;;;462;797;;;;;;;;;;462;769;;;;;;;;;;462;672;;;;;;;;;;462;737;
463;739;;;;;463;827;;;;;463;917;;;;;;;;;;463;792;;;;;;;;;;463;840;;;;;;;;;;463;691;;;;;;;;;;463;656;;;;;;;;;;463;668;
464;722;;;;;464;820;;;;;464;849;;;;;;;;;;464;865;;;;;;;;;;464;764;;;;;;;;;;464;703;;;;;;;;;;464;646;;;;;;;;;;464;613;
465;774;;;;;465;812;;;;;465;863;;;;;;;;;;465;859;;;;;;;;;;465;810;;;;;;;;;;465;682;;;;;;;;;;465;610;;;;;;;;;;465;648;
466;685;;;;;466;795;;;;;466;890;;;;;;;;;;466;859;;;;;;;;;;466;758;;;;;;;;;;466;639;;;;;;;;;;466;653;;;;;;;;;;466;651;
467;693;;;;;467;745;;;;;467;778;;;;;;;;;;467;765;;;;;;;;;;467;699;;;;;;;;;;467;642;;;;;;;;;;467;630;;;;;;;;;;467;695;
468;645;;;;;468;729;;;;;468;867;;;;;;;;;;468;792;;;;;;;;;;468;715;;;;;;;;;;468;661;;;;;;;;;;468;601;;;;;;;;;;468;582;
469;598;;;;;469;702;;;;;469;804;;;;;;;;;;469;812;;;;;;;;;;469;687;;;;;;;;;;469;620;;;;;;;;;;469;600;;;;;;;;;;469;622;
470;637;;;;;470;682;;;;;470;769;;;;;;;;;;470;760;;;;;;;;;;470;682;;;;;;;;;;470;600;;;;;;;;;;470;599;;;;;;;;;;470;593;
471;644;;;;;471;722;;;;;471;705;;;;;;;;;;471;708;;;;;;;;;;471;659;;;;;;;;;;471;585;;;;;;;;;;471;596;;;;;;;;;;471;545;
472;665;;;;;472;707;;;;;472;724;;;;;;;;;;472;755;;;;;;;;;;472;682;;;;;;;;;;472;603;;;;;;;;;;472;540;;;;;;;;;;472;598;
473;611;;;;;473;640;;;;;473;721;;;;;;;;;;473;705;;;;;;;;;;473;654;;;;;;;;;;473;583;;;;;;;;;;473;499;;;;;;;;;;473;573;
474;556;;;;;474;657;;;;;474;682;;;;;;;;;;474;682;;;;;;;;;;474;630;;;;;;;;;;474;534;;;;;;;;;;474;506;;;;;;;;;;474;513;
475;566;;;;;475;644;;;;;475;696;;;;;;;;;;475;646;;;;;;;;;;475;616;;;;;;;;;;475;490;;;;;;;;;;475;504;;;;;;;;;;475;586;
476;548;;;;;476;611;;;;;476;670;;;;;;;;;;476;644;;;;;;;;;;476;583;;;;;;;;;;476;520;;;;;;;;;;476;472;;;;;;;;;;476;545;
477;514;;;;;477;637;;;;;477;655;;;;;;;;;;477;582;;;;;;;;;;477;566;;;;;;;;;;477;504;;;;;;;;;;477;488;;;;;;;;;;477;513;
478;492;;;;;478;606;;;;;478;612;;;;;;;;;;478;586;;;;;;;;;;478;525;;;;;;;;;;478;447;;;;;;;;;;478;474;;;;;;;;;;478;527;
479;458;;;;;479;553;;;;;479;630;;;;;;;;;;479;535;;;;;;;;;;479;525;;;;;;;;;;479;489;;;;;;;;;;479;517;;;;;;;;;;479;468;
480;460;;;;;480;562;;;;;480;566;;;;;;;;;;480;551;;;;;;;;;;480;523;;;;;;;;;;480;447;;;;;;;;;;480;420;;;;;;;;;;480;437;
481;420;;;;;481;504;;;;;481;549;;;;;;;;;;481;534;;;;;;;;;;481;522;;;;;;;;;;481;466;;;;;;;;;;481;428;;;;;;;;;;481;460;
482;448;;;;;482;461;;;;;482;532;;;;;;;;;;482;523;;;;;;;;;;482;497;;;;;;;;;;482;445;;;;;;;;;;482;394;;;;;;;;;;482;440;
483;387;;;;;483;514;;;;;483;523;;;;;;;;;;483;480;;;;;;;;;;483;433;;;;;;;;;;483;389;;;;;;;;;;483;375;;;;;;;;;;483;416;
484;409;;;;;484;434;;;;;484;513;;;;;;;;;;484;451;;;;;;;;;;484;420;;;;;;;;;;484;403;;;;;;;;;;484;395;;;;;;;;;;484;387;
485;402;;;;;485;418;;;;;485;499;;;;;;;;;;485;428;;;;;;;;;;485;415;;;;;;;;;;485;372;;;;;;;;;;485;387;;;;;;;;;;485;376;
486;357;;;;;486;418;;;;;486;439;;;;;;;;;;486;421;;;;;;;;;;486;372;;;;;;;;;;486;352;;;;;;;;;;486;345;;;;;;;;;;486;350;
487;342;;;;;487;400;;;;;487;450;;;;;;;;;;487;386;;;;;;;;;;487;379;;;;;;;;;;487;356;;;;;;;;;;487;342;;;;;;;;;;487;326;
488;302;;;;;488;378;;;;;488;390;;;;;;;;;;488;410;;;;;;;;;;488;353;;;;;;;;;;488;282;;;;;;;;;;488;320;;;;;;;;;;488;324;
489;320;;;;;489;352;;;;;489;373;;;;;;;;;;489;381;;;;;;;;;;489;335;;;;;;;;;;489;315;;;;;;;;;;489;302;;;;;;;;;;489;283;
490;291;;;;;490;304;;;;;490;355;;;;;;;;;;490;353;;;;;;;;;;490;307;;;;;;;;;;490;254;;;;;;;;;;490;297;;;;;;;;;;490;301;
491;248;;;;;491;293;;;;;491;325;;;;;;;;;;491;298;;;;;;;;;;491;325;;;;;;;;;;491;259;;;;;;;;;;491;252;;;;;;;;;;491;291;
492;254;;;;;492;315;;;;;492;278;;;;;;;;;;492;299;;;;;;;;;;492;275;;;;;;;;;;492;241;;;;;;;;;;492;229;;;;;;;;;;492;230;
493;223;;;;;493;258;;;;;493;276;;;;;;;;;;493;270;;;;;;;;;;493;257;;;;;;;;;;493;225;;;;;;;;;;493;205;;;;;;;;;;493;247;
494;195;;;;;494;239;;;;;494;271;;;;;;;;;;494;271;;;;;;;;;;494;249;;;;;;;;;;494;217;;;;;;;;;;494;214;;;;;;;;;;494;190;
495;171;;;;;495;191;;;;;495;253;;;;;;;;;;495;218;;;;;;;;;;495;219;;;;;;;;;;495;179;;;;;;;;;;495;189;;;;;;;;;;495;180;
496;167;;;;;496;163;;;;;496;204;;;;;;;;;;496;192;;;;;;;;;;496;182;;;;;;;;;;496;151;;;;;;;;;;496;163;;;;;;;;;;496;159;
497;129;;;;;497;161;;;;;497;186;;;;;;;;;;497;173;;;;;;;;;;497;169;;;;;;;;;;497;137;;;;;;;;;;497;129;;;;;;;;;;497;156;
498;138;;;;;498;148;;;;;498;165;;;;;;;;;;498;134;;;;;;;;;;498;141;;;;;;;;;;498;142;;;;;;;;;;498;122;;;;;;;;;;498;131;
499;125;;;;;499;105;;;;;499;128;;;;;;;;;;499;135;;;;;;;;;;499;144;;;;;;;;;;499;108;;;;;;;;;;499;114;;;;;;;;;;499;122;
500;95;;;;;500;101;;;;;500;119;;;;;;;;;;500;110;;;;;;;;;;500;108;;;;;;;;;;500;120;;;;;;;;;;500;106;;;;;;;;;;500;103;
501;57;;;;;501;82;;;;;501;104;;;;;;;;;;501;120;;;;;;;;;;501;87;;;;;;;;;;501;79;;;;;;;;;;501;86;;;;;;;;;;501;72;
502;66;;;;;502;65;;;;;502;93;;;;;;;;;;502;74;;;;;;;;;;502;78;;;;;;;;;;502;68;;;;;;;;;;502;56;;;;;;;;;;502;74;
503;39;;;;;503;47;;;;;503;72;;;;;;;;;;503;52;;;;;;;;;;503;65;;;;;;;;;;503;58;;;;;;;;;;503;43;;;;;;;;;;503;54;
504;48;;;;;504;36;;;;;504;61;;;;;;;;;;504;61;;;;;;;;;;504;62;;;;;;;;;;504;49;;;;;;;;;;504;37;;;;;;;;;;504;41;
505;30;;;;;505;27;;;;;505;36;;;;;;;;;;505;36;;;;;;;;;;505;43;;;;;;;;;;505;21;;;;;;;;;;505;22;;;;;;;;;;505;33;
506;23;;;;;506;19;;;;;506;41;;;;;;;;;;506;28;;;;;;;;;;506;22;;;;;;;;;;506;27;;;;;;;;;;506;25;;;;;;;;;;506;22;
507;21;;;;;507;23;;;;;507;20;;;;;;;;;;507;21;;;;;;;;;;507;26;;;;;;;;;;507;24;;;;;;;;;;507;18;;;;;;;;;;507;24;
508;16;;;;;508;14;;;;;508;28;;;;;;;;;;508;22;;;;;;;;;;508;14;;;;;;;;;;508;21;;;;;;;;;;508;13;;;;;;;;;;508;15;
509;8;;;;;509;17;;;;;509;20;;;;;;;;;;509;15;;;;;;;;;;509;16;;;;;;;;;;509;11;;;;;;;;;;509;16;;;;;;;;;;509;14;
510;12;;;;;510;11;;;;;510;16;;;;;;;;;;510;21;;;;;;;;;;510;14;;;;;;;;;;510;10;;;;;;;;;;510;12;;;;;;;;;;510;8;
511;;;;;;511;;;;;;511;16;;;;;;;;;;511;18;;;;;;;;;;511;16;;;;;;;;;;511;10;;;;;;;;;;511;10;;;;;;;;;;511;8;
